datetime,open,high,low,close,volume
2026-02-02T09:00:00+00:00,4640.61,4730.94,4602.78,4719.48,132474
2026-02-02T10:00:00+00:00,4719.48,4733.72,4656.93,4705.41,101825
2026-02-02T11:00:00+00:00,4705.41,4779.27,4703.28,4765.63,90506
2026-02-02T12:00:00+00:00,4765.63,4812.25,4743.14,4793.87,85038
2026-02-02T13:00:00+00:00,4793.87,4803.3,4668.45,4705.46,172986
2026-02-02T14:00:00+00:00,4705.46,4793.98,4679.74,4721.26,179930
2026-02-02T15:00:00+00:00,4721.26,4745.31,4616.82,4620.15,198126
2026-02-02T16:00:00+00:00,4620.15,4708.54,4596.21,4665.6,169948
2026-02-02T17:00:00+00:00,4665.6,4713.75,4656.31,4673.47,123787
2026-02-02T18:00:00+00:00,4673.47,4674.01,4617.96,4657.35,133006
2026-02-02T19:00:00+00:00,4657.35,4712.59,4630.98,4685.52,107915
2026-02-02T20:00:00+00:00,4685.52,4700.46,4647.25,4652.73,128629
2026-02-02T21:00:00+00:00,4652.73,4686.62,4643.6,4656.5,61814
2026-02-02T23:00:00+00:00,4656.5,4780.370000000001,4650.8,4779.01,92737.07957690716
2026-02-03T00:00:00+00:00,4779.01,4835.6,4770.780000000001,4785.370000000001,88464
2026-02-03T01:00:00+00:00,4785.370000000001,4861.77,4771.14,4846.380000000001,147530
2026-02-03T02:00:00+00:00,4846.380000000001,4846.900000000001,4750.210000000001,4788.35,146182
2026-02-03T03:00:00+00:00,4788.35,4818.14,4756.72,4814.080000000001,107214
2026-02-03T04:00:00+00:00,4814.080000000001,4830.240000000001,4805.420000000001,4813.81,66364
2026-02-03T05:00:00+00:00,4813.81,4846.960000000001,4813.81,4829.920000000001,81556
2026-02-03T06:00:00+00:00,4829.920000000001,4898.880000000001,4821.47,4886.080000000001,117373
2026-02-03T07:00:00+00:00,4886.080000000001,4938.59,4876.750000000001,4921.960000000001,70744
2026-02-03T08:00:00+00:00,4921.960000000001,4955.420000000001,4903.110000000001,4917.200000000001,76192
2026-02-03T09:00:00+00:00,4917.200000000001,4931.000000000001,4889.27,4920.910000000001,63450
2026-02-03T10:00:00+00:00,4920.910000000001,4935.030000000001,4906.4800000000005,4907.040000000001,38932
2026-02-03T11:00:00+00:00,4907.040000000001,4924.05,4888.880000000001,4921.52,56625
2026-02-03T12:00:00+00:00,4921.52,4941.6900000000005,4896.990000000001,4918.51,62071
2026-02-03T13:00:00+00:00,4918.51,4956.150000000001,4907.56,4938.09,114970
2026-02-03T14:00:00+00:00,4938.09,4941.7300000000005,4898.52,4921.85,144993
2026-02-03T15:00:00+00:00,4921.85,4953.64,4909.56,4940.120000000001,135339
2026-02-03T16:00:00+00:00,4940.120000000001,4998.81,4935.000000000001,4960.540000000001,128659
2026-02-03T17:00:00+00:00,4960.540000000001,4974.64,4912.250000000001,4933.820000000001,163029
2026-02-03T18:00:00+00:00,4933.820000000001,4959.040000000001,4889.51,4913.580000000001,141796
2026-02-03T19:00:00+00:00,4913.580000000001,4953.910000000001,4884.93,4931.880000000001,126427
2026-02-03T20:00:00+00:00,4931.880000000001,4961.76,4907.370000000001,4948.750000000001,109340
2026-02-03T21:00:00+00:00,4948.750000000001,4968.920000000001,4938.790000000001,4950.34,32690
2026-02-03T23:00:00+00:00,4950.34,4997.720000000001,4933.800000000001,4971.950000000001,83018.8323708514
2026-02-04T00:00:00+00:00,4971.950000000001,5041.280000000001,4970.580000000001,5040.360000000001,94415
2026-02-04T01:00:00+00:00,5040.360000000001,5078.250000000001,5009.4800000000005,5071.490000000001,115293
2026-02-04T02:00:00+00:00,5071.490000000001,5090.280000000001,5060.160000000001,5065.200000000001,64152
2026-02-04T03:00:00+00:00,5065.200000000001,5098.500000000001,5060.780000000001,5094.740000000001,52263
2026-02-04T04:00:00+00:00,5094.740000000001,5106.450000000001,5080.900000000001,5105.350000000001,30383
2026-02-04T05:00:00+00:00,5105.350000000001,5115.310000000001,5094.000000000001,5104.100000000001,39328
2026-02-04T06:00:00+00:00,5104.100000000001,5107.740000000001,5075.720000000001,5101.960000000001,62954
2026-02-04T07:00:00+00:00,5101.960000000001,5116.320000000001,5086.860000000001,5109.460000000001,43922
2026-02-04T08:00:00+00:00,5109.460000000001,5116.750000000001,5093.570000000001,5108.260000000001,33390
2026-02-04T09:00:00+00:00,5108.260000000001,5112.010000000001,5067.890000000001,5084.6900000000005,52659
2026-02-04T10:00:00+00:00,5084.6900000000005,5089.120000000001,5066.650000000001,5073.250000000001,42346
2026-02-04T11:00:00+00:00,5073.250000000001,5078.710000000001,5038.250000000001,5072.140000000001,46796
2026-02-04T12:00:00+00:00,5072.140000000001,5088.030000000001,5061.030000000001,5065.500000000001,39833
2026-02-04T13:00:00+00:00,5065.500000000001,5088.410000000001,5048.000000000001,5079.040000000001,83992
2026-02-04T14:00:00+00:00,5079.040000000001,5083.820000000001,4991.7300000000005,5009.490000000001,154385
2026-02-04T15:00:00+00:00,5009.490000000001,5032.550000000001,4912.250000000001,4945.260000000001,205160
2026-02-04T16:00:00+00:00,4945.260000000001,4964.950000000001,4874.610000000001,4929.250000000001,169820
2026-02-04T17:00:00+00:00,4929.250000000001,4955.750000000001,4913.030000000001,4922.580000000001,135534
2026-02-04T18:00:00+00:00,4922.580000000001,4959.7300000000005,4897.52,4952.110000000001,98300
2026-02-04T19:00:00+00:00,4952.110000000001,4982.750000000001,4939.220000000001,4966.460000000001,76120
2026-02-04T20:00:00+00:00,4966.460000000001,4976.1900000000005,4938.900000000001,4962.77,71179
2026-02-04T21:00:00+00:00,4962.77,4995.77,4962.1900000000005,4988.470000000001,22192
2026-02-04T23:00:00+00:00,4988.470000000001,5063.880000000001,4988.470000000001,5052.370000000001,45873.48861561144
2026-02-05T00:00:00+00:00,5052.370000000001,5060.660000000001,5037.170000000001,5046.700000000001,52118
2026-02-05T01:00:00+00:00,5046.700000000001,5051.950000000001,4976.1100000000015,4998.850000000001,145632
2026-02-05T02:00:00+00:00,4998.850000000001,5001.750000000001,4843.890000000001,4851.040000000001,226030
2026-02-05T03:00:00+00:00,4851.040000000001,4928.1500000000015,4828.820000000001,4920.720000000001,174301
2026-02-05T04:00:00+00:00,4920.720000000001,4931.180000000001,4903.240000000001,4903.600000000001,78356
2026-02-05T05:00:00+00:00,4903.600000000001,4946.710000000001,4865.230000000001,4936.450000000001,106684
2026-02-05T06:00:00+00:00,4936.450000000001,4973.880000000001,4916.790000000001,4960.200000000001,112249
2026-02-05T07:00:00+00:00,4960.200000000001,4980.850000000001,4935.930000000001,4955.010000000001,83520
2026-02-05T08:00:00+00:00,4955.010000000001,4983.630000000001,4941.380000000001,4952.590000000001,74645
2026-02-05T09:00:00+00:00,4952.590000000001,4954.520000000001,4889.790000000001,4895.010000000001,97929
2026-02-05T10:00:00+00:00,4895.010000000001,4927.120000000001,4887.760000000001,4917.190000000001,73677
2026-02-05T11:00:00+00:00,4917.190000000001,4934.570000000001,4904.380000000001,4907.960000000001,46617
2026-02-05T12:00:00+00:00,4907.960000000001,4918.220000000001,4850.630000000001,4894.050000000001,118891
2026-02-05T13:00:00+00:00,4894.050000000001,4908.080000000001,4842.060000000001,4875.550000000001,132216
2026-02-05T14:00:00+00:00,4875.550000000001,4909.970000000001,4846.020000000001,4885.940000000001,159778
2026-02-05T15:00:00+00:00,4885.940000000001,4906.000000000001,4840.440000000001,4857.700000000001,195546
2026-02-05T16:00:00+00:00,4857.700000000001,4946.810000000001,4852.540000000001,4928.910000000001,155561
2026-02-05T17:00:00+00:00,4928.910000000001,4930.950000000001,4899.260000000001,4909.6100000000015,113775
2026-02-05T18:00:00+00:00,4909.6100000000015,4915.630000000001,4891.260000000001,4898.1500000000015,94259
2026-02-05T19:00:00+00:00,4898.1500000000015,4905.270000000001,4863.640000000001,4869.410000000001,74175
2026-02-05T20:00:00+00:00,4869.410000000001,4883.480000000001,4832.840000000001,4851.440000000001,85184
2026-02-05T21:00:00+00:00,4851.440000000001,4866.080000000001,4798.620000000001,4815.660000000001,45759
2026-02-05T23:00:00+00:00,4815.660000000001,4816.790000000001,4713.2300000000005,4713.590000000001,78724.22125627715
2026-02-06T00:00:00+00:00,4713.590000000001,4774.4400000000005,4665.500000000001,4772.900000000001,150720
2026-02-06T01:00:00+00:00,4772.900000000001,4794.590000000001,4703.860000000001,4784.240000000001,170783
2026-02-06T02:00:00+00:00,4784.240000000001,4856.380000000001,4770.680000000001,4826.710000000001,110479
2026-02-06T03:00:00+00:00,4826.710000000001,4849.010000000001,4810.600000000001,4834.150000000001,67283
2026-02-06T04:00:00+00:00,4834.150000000001,4841.6900000000005,4817.200000000001,4823.590000000001,34722
2026-02-06T05:00:00+00:00,4823.590000000001,4907.850000000001,4817.620000000001,4907.520000000001,61839
2026-02-06T06:00:00+00:00,4907.520000000001,4913.1900000000005,4835.470000000001,4855.9800000000005,75871
2026-02-06T07:00:00+00:00,4855.9800000000005,4871.680000000001,4847.990000000001,4851.040000000001,35299
2026-02-06T08:00:00+00:00,4851.040000000001,4891.9800000000005,4839.290000000001,4872.020000000001,56716
2026-02-06T09:00:00+00:00,4872.020000000001,4882.650000000001,4848.590000000001,4876.500000000001,42433
2026-02-06T10:00:00+00:00,4876.500000000001,4890.060000000001,4861.710000000001,4888.430000000001,32730
2026-02-06T11:00:00+00:00,4888.430000000001,4905.840000000001,4873.830000000001,4896.9400000000005,31831
2026-02-06T12:00:00+00:00,4896.9400000000005,4913.840000000001,4881.280000000001,4910.310000000001,37571
2026-02-06T13:00:00+00:00,4910.310000000001,4948.310000000001,4907.110000000001,4938.790000000001,83687
2026-02-06T14:00:00+00:00,4938.790000000001,4959.890000000001,4904.450000000001,4958.280000000001,86493
2026-02-06T15:00:00+00:00,4958.280000000001,4974.6900000000005,4938.520000000001,4953.590000000001,108512
2026-02-06T16:00:00+00:00,4953.590000000001,4963.370000000001,4931.770000000001,4961.620000000001,72018
2026-02-06T17:00:00+00:00,4961.620000000001,4978.620000000001,4958.110000000001,4970.260000000001,42655
2026-02-06T18:00:00+00:00,4970.260000000001,4981.030000000001,4953.750000000001,4972.640000000001,37030
2026-02-06T19:00:00+00:00,4972.640000000001,4973.430000000001,4958.540000000001,4967.390000000001,25173
2026-02-06T20:00:00+00:00,4967.390000000001,4969.470000000001,4946.520000000001,4963.680000000001,36785
2026-02-06T21:00:00+00:00,4963.680000000001,4974.050000000001,4956.280000000001,4970.520000000001,5906
2026-02-08T23:00:00+00:00,4960.27,5046.79,4960.27,5035.64,49227
2026-02-09T00:00:00+00:00,5035.64,5044.53,5011.67,5019.63,56811
2026-02-09T01:00:00+00:00,5019.63,5041.59,4975.9,4982.35,82420
2026-02-09T02:00:00+00:00,4982.35,5017.38,4968.74,5006.95,58468
2026-02-09T03:00:00+00:00,5006.95,5031.2,5005.45,5015.8,48522
2026-02-09T04:00:00+00:00,5015.8,5024.65,5006.86,5011.52,29321
2026-02-09T05:00:00+00:00,5011.52,5041.38,5010.84,5036.17,43415
2026-02-09T06:00:00+00:00,5036.17,5045.63,5013.58,5030.8,51929
2026-02-09T07:00:00+00:00,5030.8,5030.87,4997.27,5006.06,42010
2026-02-09T08:00:00+00:00,5006.06,5035.53,5002.51,5027.13,28844
2026-02-09T09:00:00+00:00,5027.13,5040.63,5002.34,5007.41,27972
2026-02-09T10:00:00+00:00,5007.41,5015.16,4982.06,4990.58,40332
2026-02-09T11:00:00+00:00,4990.58,5017.69,4988.35,5010.53,24585
2026-02-09T12:00:00+00:00,5010.53,5021.7,5007,5012.96,24893
2026-02-09T13:00:00+00:00,5012.96,5024.73,4994.79,5006.6,61941
2026-02-09T14:00:00+00:00,5006.6,5040.64,5001.88,5037.77,91564
2026-02-09T15:00:00+00:00,5037.77,5060.27,5023.27,5058.54,73798
2026-02-09T16:00:00+00:00,5058.54,5080.44,5056.34,5073.48,56937
2026-02-09T17:00:00+00:00,5073.48,5075.22,5040.51,5046.01,44212
2026-02-09T18:00:00+00:00,5046.01,5063.82,5043.94,5062.41,39642
2026-02-09T19:00:00+00:00,5062.41,5080.06,5062.11,5074.5,27226
2026-02-09T20:00:00+00:00,5074.5,5086.35,5072.04,5079.69,39119
2026-02-09T21:00:00+00:00,5079.69,5083.22,5048.63,5059.14,18435
2026-02-09T23:00:00+00:00,5059.14,5086.05,4996.69,5041.39,63180.236567212196
2026-02-10T00:00:00+00:00,5041.39,5058.06,5018.59,5028.39,55102
2026-02-10T01:00:00+00:00,5028.39,5047.16,5022.47,5042.56,94540
2026-02-10T02:00:00+00:00,5042.56,5066.33,5041.37,5047.95,57180
2026-02-10T03:00:00+00:00,5047.95,5047.95,5025.75,5039.62,50300
2026-02-10T04:00:00+00:00,5039.62,5043.47,5027.41,5041.12,26371
2026-02-10T05:00:00+00:00,5041.12,5050.2300000000005,5021.04,5048.95,37481
2026-02-10T06:00:00+00:00,5048.95,5055.57,5028.52,5034.1,47628
2026-02-10T07:00:00+00:00,5034.1,5045.69,5028.28,5043.54,35144
2026-02-10T08:00:00+00:00,5043.54,5064.76,5038.52,5051.52,42574
2026-02-10T09:00:00+00:00,5051.52,5072.87,5050.04,5056.49,31692
2026-02-10T10:00:00+00:00,5056.49,5067.87,5046.64,5056.62,27767
2026-02-10T11:00:00+00:00,5056.62,5067.2,5054,5065.58,19419
2026-02-10T12:00:00+00:00,5065.58,5066.9800000000005,5029.19,5041.78,42965
2026-02-10T13:00:00+00:00,5041.78,5068.68,5036.21,5060.72,49680
2026-02-10T14:00:00+00:00,5060.72,5088.46,5030.32,5049.31,86826
2026-02-10T15:00:00+00:00,5049.31,5057.9,5008.64,5029.08,95794
2026-02-10T16:00:00+00:00,5029.08,5036.08,5015.36,5033.42,74289
2026-02-10T17:00:00+00:00,5033.42,5050,5030.42,5036.18,34510
2026-02-10T18:00:00+00:00,5036.18,5037.78,5014.59,5022.69,45506
2026-02-10T19:00:00+00:00,5022.69,5040.16,5018.49,5038.16,25312
2026-02-10T20:00:00+00:00,5038.16,5055.52,5030.27,5040.13,34388
2026-02-10T21:00:00+00:00,5040.13,5042.41,5029.7,5033.93,40833
2026-02-10T23:00:00+00:00,5033.93,5066.16,5033.36,5053.05,24903.871004320266
2026-02-11T00:00:00+00:00,5053.05,5060.78,5039.78,5049.12,28141
2026-02-11T01:00:00+00:00,5049.12,5064.78,5042.0199999999995,5063.95,40233
2026-02-11T02:00:00+00:00,5063.95,5069.4,5043.9,5066.67,33092
2026-02-11T03:00:00+00:00,5066.67,5072.63,5056.44,5065.72,23619
2026-02-11T04:00:00+00:00,5065.72,5071.25,5057.19,5057.72,14447
2026-02-11T05:00:00+00:00,5057.72,5075.62,5054.96,5064.16,27364
2026-02-11T06:00:00+00:00,5064.16,5076.429999999999,5060.78,5075.55,28789
2026-02-11T07:00:00+00:00,5075.55,5080.679999999999,5060.2699999999995,5066.74,35625
2026-02-11T08:00:00+00:00,5066.74,5072.139999999999,5057.099999999999,5064.98,21042
2026-02-11T09:00:00+00:00,5064.98,5083.82,5058.76,5074.09,20975
2026-02-11T10:00:00+00:00,5074.09,5113.01,5073.82,5104.76,41643
2026-02-11T11:00:00+00:00,5104.76,5128.26,5094.03,5123.05,28702
2026-02-11T12:00:00+00:00,5123.05,5130.5,5060.01,5094.63,55167
2026-02-11T13:00:00+00:00,5094.63,5101.349999999999,5030.11,5076.99,107191
2026-02-11T14:00:00+00:00,5076.99,5094.5199999999995,5047.21,5070.82,109550
2026-02-11T15:00:00+00:00,5070.82,5093.16,5050.62,5071.5199999999995,124789
2026-02-11T16:00:00+00:00,5071.5199999999995,5089.82,5054.42,5086.58,72871
2026-02-11T17:00:00+00:00,5086.58,5110.55,5080.0199999999995,5103.389999999999,53011
2026-02-11T18:00:00+00:00,5103.389999999999,5104.679999999999,5078.13,5093.83,51502
2026-02-11T19:00:00+00:00,5093.83,5106.09,5088.17,5093.66,40882
2026-02-11T20:00:00+00:00,5093.66,5101.86,5089.8,5098.4,39401
2026-02-11T21:00:00+00:00,5098.4,5104.69,5081.3,5095.21,15820
2026-02-11T23:00:00+00:00,5095.21,5121.349999999999,5074.84,5082.91,24969.901607798187
2026-02-12T00:00:00+00:00,5082.91,5089.349999999999,5071.54,5084.679999999999,34364
2026-02-12T01:00:00+00:00,5084.679999999999,5086.01,5066.599999999999,5085.36,39381
2026-02-12T02:00:00+00:00,5085.36,5094.63,5076.66,5087.65,24910
2026-02-12T03:00:00+00:00,5087.65,5096.55,5076.29,5078.55,18062
2026-02-12T04:00:00+00:00,5078.55,5091.76,5072.55,5091.13,10820
2026-02-12T05:00:00+00:00,5091.13,5099.95,5086.219999999999,5097.24,19386
2026-02-12T06:00:00+00:00,5097.24,5098.09,5068.71,5081.5,25378
2026-02-12T07:00:00+00:00,5081.5,5088,5073.46,5085.5,14804
2026-02-12T08:00:00+00:00,5085.5,5095.3099999999995,5074,5090.099999999999,23856
2026-02-12T09:00:00+00:00,5090.099999999999,5102.7,5087.8099999999995,5094.7,21130
2026-02-12T10:00:00+00:00,5094.7,5099.139999999999,5077.78,5083.76,20182
2026-02-12T11:00:00+00:00,5083.76,5090.24,5081.11,5085.74,10429
2026-02-12T12:00:00+00:00,5085.74,5090.53,5070.41,5074.38,17401
2026-02-12T13:00:00+00:00,5074.38,5105.4,5073.07,5096.99,26506
2026-02-12T14:00:00+00:00,5096.99,5099.37,5061.36,5066.0599999999995,56817
2026-02-12T15:00:00+00:00,5066.0599999999995,5096.719999999999,5061.62,5082.349999999999,48717
2026-02-12T16:00:00+00:00,5082.349999999999,5089.91,4899.67,4976.34,197808
2026-02-12T17:00:00+00:00,4976.34,5004.719999999999,4961.2,4962.88,120644
2026-02-12T18:00:00+00:00,4962.88,4973.639999999999,4928.25,4957.37,127040
2026-02-12T19:00:00+00:00,4957.37,4980.2,4949.84,4967.38,87145
2026-02-12T20:00:00+00:00,4967.38,4970.13,4932.84,4936.59,94396
2026-02-12T21:00:00+00:00,4936.59,4948.679999999999,4933.5599999999995,4942.8,22326
2026-02-12T23:00:00+00:00,4942.8,4946.24,4871.779999999999,4904.389999999999,32801.83817233075
2026-02-13T00:00:00+00:00,4904.389999999999,4932.739999999999,4897.909999999999,4912.219999999999,43608
2026-02-13T01:00:00+00:00,4912.219999999999,4972.819999999999,4911.349999999999,4965.149999999999,64326
2026-02-13T02:00:00+00:00,4965.149999999999,4976.409999999999,4956.279999999999,4972.579999999999,37210
2026-02-13T03:00:00+00:00,4972.579999999999,4973.359999999999,4957.929999999999,4965.429999999999,22792
2026-02-13T04:00:00+00:00,4965.429999999999,4981.459999999999,4957.069999999999,4960.839999999999,18223
2026-02-13T05:00:00+00:00,4960.839999999999,4970.739999999999,4928.699999999999,4930.429999999999,35041
2026-02-13T06:00:00+00:00,4930.429999999999,4953.0599999999995,4930.129999999999,4951.139999999999,39135
2026-02-13T07:00:00+00:00,4951.139999999999,4967.049999999999,4935.459999999999,4959.369999999999,37697
2026-02-13T08:00:00+00:00,4959.369999999999,4973.899999999999,4955.279999999999,4966.759999999999,38158
2026-02-13T09:00:00+00:00,4966.759999999999,4966.919999999999,4945.48,4954.419999999999,27030
2026-02-13T10:00:00+00:00,4954.419999999999,4965.039999999999,4931.3099999999995,4934.159999999999,23415
2026-02-13T11:00:00+00:00,4934.159999999999,4939.639999999999,4917.829999999999,4937.869999999999,38046
2026-02-13T12:00:00+00:00,4937.869999999999,4958.499999999999,4936.319999999999,4953.799999999999,27783
2026-02-13T13:00:00+00:00,4953.799999999999,4983.929999999999,4941.629999999999,4971.379999999999,56258
2026-02-13T14:00:00+00:00,4971.379999999999,4995.539999999999,4948.379999999999,4979.859999999999,117163
2026-02-13T15:00:00+00:00,4979.859999999999,5005.219999999999,4958.199999999999,4961.23,129798
2026-02-13T16:00:00+00:00,4961.23,5018.23,4959.509999999999,4992.339999999999,85201
2026-02-13T17:00:00+00:00,4992.339999999999,5013.679999999999,4990.239999999999,5005.409999999999,44210
2026-02-13T18:00:00+00:00,5005.409999999999,5019.679999999999,4999.539999999999,5015.609999999999,40060
2026-02-13T19:00:00+00:00,5015.609999999999,5030.569999999999,5007.7699999999995,5007.869999999999,37804
2026-02-13T20:00:00+00:00,5007.869999999999,5019.179999999999,5005.639999999999,5016.749999999999,46119
2026-02-13T21:00:00+00:00,5016.749999999999,5023.389999999999,5013.879999999999,5022.98,7395
2026-02-15T23:00:00+00:00,5038.52,5038.52,5011.27,5019.88,44624
2026-02-16T00:00:00+00:00,5019.88,5022.65,4999.4,5015.21,34391
2026-02-16T01:00:00+00:00,5015.21,5031.45,5006.75,5028.95,26584
2026-02-16T02:00:00+00:00,5028.95,5031.39,4991.78,4994.15,32038
2026-02-16T03:00:00+00:00,4994.15,4999.65,4974.38,4987.34,31274
2026-02-16T04:00:00+00:00,4987.34,4991.9,4972.88,4977.54,27028
2026-02-16T05:00:00+00:00,4977.54,4990.72,4963.52,4990.54,23067
2026-02-16T06:00:00+00:00,4990.54,5003.02,4984.17,4994.68,18921
2026-02-16T07:00:00+00:00,4994.68,5009.95,4988.54,5006.94,18945
2026-02-16T08:00:00+00:00,5006.94,5013.29,4995.73,5008.02,27275
2026-02-16T09:00:00+00:00,5008.02,5017.22,5007.59,5013.09,17868
2026-02-16T10:00:00+00:00,5013.09,5016.99,5000.01,5005.98,20776
2026-02-16T11:00:00+00:00,5005.98,5008.06,4998.55,5004.32,15725
2026-02-16T12:00:00+00:00,5004.32,5008,4992.6,5001.89,22602
2026-02-16T13:00:00+00:00,5001.89,5003.54,4989.61,4997.3,23571
2026-02-16T14:00:00+00:00,4997.3,4999.45,4981.51,4988.42,31059
2026-02-16T15:00:00+00:00,4988.42,4988.42,4968.57,4979.68,34611
2026-02-16T16:00:00+00:00,4979.68,4990.22,4972.76,4988.02,27254
2026-02-16T17:00:00+00:00,4988.02,4996,4987.96,4991.36,13448
2026-02-16T18:00:00+00:00,4991.36,4997.7,4988.32,4994.52,18134
2026-02-16T19:00:00+00:00,4994.52,4996.35,4990.14,4991.9,11760
2026-02-16T20:00:00+00:00,4991.9,4992.74,4990.78,4991.69,1978
2026-02-16T21:00:00+00:00,4991.69,4993.41,4991.52,4992.94,163
2026-02-16T23:00:00+00:00,4997.12,4999.89,4984.030000000001,4988.950000000001,17220.177725192756
2026-02-17T00:00:00+00:00,4988.950000000001,4990.63,4930.910000000001,4934.7300000000005,39169
2026-02-17T01:00:00+00:00,4934.7300000000005,4963.400000000001,4921.9800000000005,4956.9400000000005,47677
2026-02-17T02:00:00+00:00,4956.9400000000005,4970.43,4953.530000000001,4965.950000000001,21774
2026-02-17T03:00:00+00:00,4965.950000000001,4969.040000000001,4949.330000000001,4955.8,23958
2026-02-17T04:00:00+00:00,4955.8,4959.52,4945.710000000001,4951.9800000000005,14986
2026-02-17T05:00:00+00:00,4951.9800000000005,4953.290000000001,4857.63,4887.870000000001,84047
2026-02-17T06:00:00+00:00,4887.870000000001,4913.200000000001,4885.750000000001,4909.280000000001,33664
2026-02-17T07:00:00+00:00,4909.280000000001,4921.3,4902.860000000001,4916.160000000001,25645
2026-02-17T08:00:00+00:00,4916.160000000001,4929.72,4915.39,4919.870000000001,35249
2026-02-17T09:00:00+00:00,4919.870000000001,4931.68,4912.05,4925.06,31375
2026-02-17T10:00:00+00:00,4925.06,4938.6900000000005,4906.780000000001,4912.290000000001,30613
2026-02-17T11:00:00+00:00,4912.290000000001,4930.280000000001,4912.290000000001,4928.38,20110
2026-02-17T12:00:00+00:00,4928.38,4943.43,4927.39,4931.250000000001,28198
2026-02-17T13:00:00+00:00,4931.250000000001,4932.4400000000005,4869.14,4869.88,57849
2026-02-17T14:00:00+00:00,4869.88,4906.18,4840.35,4862.56,140969
2026-02-17T15:00:00+00:00,4862.56,4881.570000000001,4848.3,4877.59,137451
2026-02-17T16:00:00+00:00,4877.59,4893.06,4867.750000000001,4868.320000000001,84001
2026-02-17T17:00:00+00:00,4868.320000000001,4870.740000000001,4849.22,4864.450000000001,64930
2026-02-17T18:00:00+00:00,4864.450000000001,4910.040000000001,4861.580000000001,4898.360000000001,55835
2026-02-17T19:00:00+00:00,4898.360000000001,4900.34,4875.610000000001,4879.420000000001,49284
2026-02-17T20:00:00+00:00,4879.420000000001,4883.370000000001,4872.330000000001,4877.39,55633
2026-02-17T21:00:00+00:00,4877.39,4886.420000000001,4874.120000000001,4877.97,10854
2026-02-17T23:00:00+00:00,4877.97,4884.330000000001,4853.880000000001,4858.930000000001,30513.296697038724
2026-02-18T00:00:00+00:00,4858.930000000001,4883.110000000001,4858.1900000000005,4874.710000000001,29479
2026-02-18T01:00:00+00:00,4874.710000000001,4893.2300000000005,4874.360000000001,4889.64,28590
2026-02-18T02:00:00+00:00,4889.64,4907.35,4886.1900000000005,4905.06,16834
2026-02-18T03:00:00+00:00,4905.06,4922.180000000001,4904.14,4920.630000000001,16977
2026-02-18T04:00:00+00:00,4920.630000000001,4940.280000000001,4918.050000000001,4934.000000000001,14929
2026-02-18T05:00:00+00:00,4934.000000000001,4939.64,4929.840000000001,4933.300000000001,12177
2026-02-18T06:00:00+00:00,4933.300000000001,4935.840000000001,4924.870000000001,4930.430000000001,15774
2026-02-18T07:00:00+00:00,4930.430000000001,4942.180000000001,4928.990000000001,4930.290000000001,14840
2026-02-18T08:00:00+00:00,4930.290000000001,4932.740000000001,4916.620000000001,4917.340000000001,20543
2026-02-18T09:00:00+00:00,4917.340000000001,4923.220000000001,4912.790000000001,4917.180000000001,21374
2026-02-18T10:00:00+00:00,4917.180000000001,4924.590000000001,4909.220000000001,4914.530000000001,29147
2026-02-18T11:00:00+00:00,4914.530000000001,4917.840000000001,4906.330000000001,4912.860000000001,18560
2026-02-18T12:00:00+00:00,4912.860000000001,4947.110000000001,4911.910000000001,4943.14,31938
2026-02-18T13:00:00+00:00,4943.14,4969.2300000000005,4942.800000000001,4954.540000000001,44643
2026-02-18T14:00:00+00:00,4954.540000000001,4994.430000000001,4952.050000000001,4991.81,67596
2026-02-18T15:00:00+00:00,4991.81,5009.290000000001,4991.290000000001,4998.110000000001,55367
2026-02-18T16:00:00+00:00,4998.110000000001,5010.930000000001,4991.460000000001,5000.590000000001,42128
2026-02-18T17:00:00+00:00,5000.590000000001,5001.790000000001,4993.540000000001,4999.290000000001,26292
2026-02-18T18:00:00+00:00,4999.290000000001,5003.180000000001,4980.330000000001,4987.200000000001,40328
2026-02-18T19:00:00+00:00,4987.200000000001,4995.530000000001,4972.760000000001,4980.450000000001,48847
2026-02-18T20:00:00+00:00,4980.450000000001,4987.500000000001,4975.630000000001,4985.130000000001,44015
2026-02-18T21:00:00+00:00,4985.130000000001,4986.4400000000005,4975.1900000000005,4976.250000000001,6548
2026-02-18T23:00:00+00:00,4976.250000000001,4990.46,4964.79,4977.900000000001,24832.030459826223
2026-02-19T00:00:00+00:00,4977.900000000001,4978.16,4962.71,4963.43,23176
2026-02-19T01:00:00+00:00,4963.43,4977.740000000001,4962.700000000001,4974.81,19490
2026-02-19T02:00:00+00:00,4974.81,4979.33,4967.68,4970.13,15189
2026-02-19T03:00:00+00:00,4970.13,4985.29,4968.13,4983.46,13652
2026-02-19T04:00:00+00:00,4983.46,4987.68,4978.780000000001,4986.08,10531
2026-02-19T05:00:00+00:00,4986.08,5000.610000000001,4986.05,4999.17,10062
2026-02-19T06:00:00+00:00,4999.17,5022.14,4998.530000000001,5020.18,15332
2026-02-19T07:00:00+00:00,5020.18,5024.070000000001,5010.67,5012.18,14278
2026-02-19T08:00:00+00:00,5012.18,5024.12,5008.39,5019.02,23488
2026-02-19T09:00:00+00:00,5019.02,5022.570000000001,4995.08,4997.89,26440
2026-02-19T10:00:00+00:00,4997.89,4998.39,4983.5,4995.39,29317
2026-02-19T11:00:00+00:00,4995.39,4998.570000000001,4979.75,4986.63,26766
2026-02-19T12:00:00+00:00,4986.63,4994.9400000000005,4982.63,4986.9800000000005,26956
2026-02-19T13:00:00+00:00,4986.9800000000005,5000.67,4973.200000000001,4999.1900000000005,44796
2026-02-19T14:00:00+00:00,4999.1900000000005,5012.280000000002,4965.43,5007.290000000001,95563
2026-02-19T15:00:00+00:00,5007.290000000001,5024.220000000001,4998.280000000002,5015.780000000002,103270
2026-02-19T16:00:00+00:00,5015.780000000002,5016.3600000000015,4992.540000000001,4997.010000000001,65233
2026-02-19T17:00:00+00:00,4997.010000000001,5003.590000000001,4984.850000000001,4986.740000000001,45619
2026-02-19T18:00:00+00:00,4986.740000000001,4991.160000000001,4977.05,4983.620000000001,37801
2026-02-19T19:00:00+00:00,4983.620000000001,4992.290000000001,4980.240000000001,4989.7300000000005,29536
2026-02-19T20:00:00+00:00,4989.7300000000005,5005.3,4989.7300000000005,5003.55,35588
2026-02-19T21:00:00+00:00,5003.55,5006.000000000001,4993.85,4997.790000000001,10715
2026-02-19T23:00:00+00:00,4997.790000000001,5013.25,4991.27,4993.1,22181.42793778461
2026-02-20T00:00:00+00:00,4993.1,5012.35,4991.1,5011.860000000001,16244
2026-02-20T01:00:00+00:00,5011.860000000001,5020.42,5000.76,5002.47,24836
2026-02-20T02:00:00+00:00,5002.47,5012.88,4998.29,5001.55,17681
2026-02-20T03:00:00+00:00,5001.55,5004.83,4987.3,4992.8,16947
2026-02-20T04:00:00+00:00,4992.8,5007.88,4991.16,5004.56,10811
2026-02-20T05:00:00+00:00,5004.56,5016.51,5002.6,5016.35,15158
2026-02-20T06:00:00+00:00,5016.35,5034.820000000001,5016.35,5025.400000000001,21540
2026-02-20T07:00:00+00:00,5025.400000000001,5033.070000000001,5010.72,5010.72,19651
2026-02-20T08:00:00+00:00,5010.72,5035.38,5009.37,5033.26,21073
2026-02-20T09:00:00+00:00,5033.26,5046.99,5031.860000000001,5031.88,29025
2026-02-20T10:00:00+00:00,5031.88,5042.97,5023.67,5038.87,24320
2026-02-20T11:00:00+00:00,5038.87,5039.1,5019.8,5021.39,21726
2026-02-20T12:00:00+00:00,5021.39,5031.05,5011.38,5029.38,21828
2026-02-20T13:00:00+00:00,5029.38,5052.9800000000005,5022.26,5047.82,33398
2026-02-20T14:00:00+00:00,5047.82,5064.75,5041.2,5058.32,60851
2026-02-20T15:00:00+00:00,5058.32,5068.4800000000005,4993.39,5046.66,200869
2026-02-20T16:00:00+00:00,5046.66,5073.12,5042.89,5071.1,82141
2026-02-20T17:00:00+00:00,5071.1,5080.71,5058.6900000000005,5077.05,55303
2026-02-20T18:00:00+00:00,5077.05,5079.29,5057.900000000001,5075.67,60068
2026-02-20T19:00:00+00:00,5075.67,5083.93,5072.84,5083.68,23661
2026-02-20T20:00:00+00:00,5083.68,5102.49,5081.17,5101.32,38958
2026-02-20T21:00:00+00:00,5101.32,5104.57,5095.75,5103.1900000000005,7974
2026-02-22T23:00:00+00:00,5098.85,5171.58,5098.85,5165.11,42702
2026-02-23T00:00:00+00:00,5165.11,5166.59,5129.09,5144.12,63159
2026-02-23T01:00:00+00:00,5144.12,5167.75,5139.89,5157.26,47314
2026-02-23T02:00:00+00:00,5157.26,5176.55,5156.64,5173.69,30640
2026-02-23T03:00:00+00:00,5173.69,5175.25,5151.53,5166.42,23816
2026-02-23T04:00:00+00:00,5166.42,5168.93,5155.05,5160.3,16584
2026-02-23T05:00:00+00:00,5160.3,5161.79,5151.81,5158.25,15735
2026-02-23T06:00:00+00:00,5158.25,5161.77,5144.64,5145.36,19090
2026-02-23T07:00:00+00:00,5145.36,5154.35,5124.82,5136.74,38586
2026-02-23T08:00:00+00:00,5136.74,5142.11,5122.22,5140.27,41995
2026-02-23T09:00:00+00:00,5140.27,5150.07,5139.07,5149.4,24453
2026-02-23T10:00:00+00:00,5149.4,5163.51,5144.87,5162.85,29395
2026-02-23T11:00:00+00:00,5162.85,5163.48,5146.26,5149.73,24765
2026-02-23T12:00:00+00:00,5149.73,5165.49,5145.56,5164.21,28795
2026-02-23T13:00:00+00:00,5164.21,5165.28,5143.68,5146.32,40652
2026-02-23T14:00:00+00:00,5146.32,5200.48,5141.3,5192.24,73246
2026-02-23T15:00:00+00:00,5192.24,5204.97,5180.35,5195.97,98092
2026-02-23T16:00:00+00:00,5195.97,5219.07,5175.39,5209.96,73462
2026-02-23T17:00:00+00:00,5209.96,5213.43,5190.75,5207.95,49752
2026-02-23T18:00:00+00:00,5207.95,5215.78,5200.86,5209.48,34430
2026-02-23T19:00:00+00:00,5209.48,5218.3,5206.47,5215.64,28764
2026-02-23T20:00:00+00:00,5215.64,5238.05,5214.85,5236.26,39560
2026-02-23T21:00:00+00:00,5236.26,5237.39,5226.26,5227.43,11666
2026-02-23T23:00:00+00:00,5227.43,5250.28,5219.55,5236.38,29945.88045336068
2026-02-24T00:00:00+00:00,5236.38,5239.0199999999995,5218.36,5224.54,38149
2026-02-24T01:00:00+00:00,5224.54,5224.69,5145.679999999999,5178.139999999999,132761
2026-02-24T02:00:00+00:00,5178.139999999999,5191.53,5166.0199999999995,5190.59,40381
2026-02-24T03:00:00+00:00,5190.59,5192.61,5171.78,5172.75,23692
2026-02-24T04:00:00+00:00,5172.75,5175.91,5161.82,5168.84,21357
2026-02-24T05:00:00+00:00,5168.84,5186.54,5164.8099999999995,5183.16,27557
2026-02-24T06:00:00+00:00,5183.16,5185.61,5156.45,5174.24,30790
2026-02-24T07:00:00+00:00,5174.24,5184.929999999999,5165.19,5180.3,28546
2026-02-24T08:00:00+00:00,5180.3,5182.96,5165.7699999999995,5174.42,35323
2026-02-24T09:00:00+00:00,5174.42,5181.51,5167.09,5172.05,24182
2026-02-24T10:00:00+00:00,5172.05,5182.349999999999,5163.96,5173.79,25011
2026-02-24T11:00:00+00:00,5173.79,5179.46,5171.58,5173.53,16201
2026-02-24T12:00:00+00:00,5173.53,5174.34,5145.0199999999995,5151.25,46147
2026-02-24T13:00:00+00:00,5151.25,5162.25,5111.58,5115.67,80251
2026-02-24T14:00:00+00:00,5115.67,5140.179999999999,5094.139999999999,5129.04,114383
2026-02-24T15:00:00+00:00,5129.04,5156.25,5118.55,5151.2,71279
2026-02-24T16:00:00+00:00,5151.2,5153.2,5131.83,5142.79,53610
2026-02-24T17:00:00+00:00,5142.79,5164.719999999999,5142.67,5164.719999999999,32674
2026-02-24T18:00:00+00:00,5164.719999999999,5171.139999999999,5154.349999999999,5161.05,33597
2026-02-24T19:00:00+00:00,5161.05,5161.37,5147.33,5154.95,27955
2026-02-24T20:00:00+00:00,5154.95,5174.07,5147.53,5165.12,33172
2026-02-24T21:00:00+00:00,5165.12,5166.69,5140.8,5142.4,12747
2026-02-24T23:00:00+00:00,5142.4,5150.44,5119.87,5144.66,25279.210104337086
2026-02-25T00:00:00+00:00,5144.66,5154.78,5134.7699999999995,5150.28,25406
2026-02-25T01:00:00+00:00,5150.28,5188.24,5142.3,5174.82,54434
2026-02-25T02:00:00+00:00,5174.82,5192.26,5164.61,5178.66,35441
2026-02-25T03:00:00+00:00,5178.66,5188.599999999999,5176.429999999999,5180.179999999999,26753
2026-02-25T04:00:00+00:00,5180.179999999999,5183.4,5169.99,5180.78,13441
2026-02-25T05:00:00+00:00,5180.78,5208.86,5180.78,5199.79,25854
2026-02-25T06:00:00+00:00,5199.79,5199.95,5180.38,5192.86,28664
2026-02-25T07:00:00+00:00,5192.86,5193.29,5178.49,5182.76,14468
2026-02-25T08:00:00+00:00,5182.76,5195.7,5182.16,5183.74,23473
2026-02-25T09:00:00+00:00,5183.74,5192.99,5174.639999999999,5191.389999999999,27273
2026-02-25T10:00:00+00:00,5191.389999999999,5193.599999999999,5168.465,5173.755,27393.010574733045
2026-02-25T11:00:00+00:00,5173.755,5181.245000000001,5153.365000000001,5180.075000000001,31238
2026-02-25T12:00:00+00:00,5180.075000000001,5186.095,5175.915,5181.365000000001,24349
2026-02-25T13:00:00+00:00,5181.365000000001,5190.0650000000005,5179.535000000001,5183.805,42783
2026-02-25T14:00:00+00:00,5183.805,5191.945000000001,5156.995000000001,5189.845,83944
2026-02-25T15:00:00+00:00,5189.845,5201.305,5171.155000000001,5193.455000000001,76746
2026-02-25T16:00:00+00:00,5193.455000000001,5211.965000000001,5188.215000000001,5210.725000000001,46229
2026-02-25T17:00:00+00:00,5210.725000000001,5216.035000000002,5201.845000000001,5205.215000000001,37447
2026-02-25T18:00:00+00:00,5205.215000000001,5205.9450000000015,5198.715000000001,5200.145000000001,14199
2026-02-25T19:00:00+00:00,5200.145000000001,5206.5250000000015,5189.795000000001,5203.5250000000015,51571
2026-02-25T20:00:00+00:00,5203.5250000000015,5204.645000000001,5143.605000000001,5150.415000000002,59668
2026-02-25T21:00:00+00:00,5150.415000000002,5171.455000000002,5148.635000000001,5162.255000000001,34119
2026-02-25T23:00:00+00:00,5162.255000000001,5183.865000000002,5160.325000000002,5165.285000000002,32191.846754301678
2026-02-26T00:00:00+00:00,5165.285000000002,5194.325000000002,5157.495000000002,5190.315000000002,40295
2026-02-26T01:00:00+00:00,5190.315000000002,5200.515000000002,5180.545000000002,5193.595000000002,59204
2026-02-26T02:00:00+00:00,5193.595000000002,5197.545000000002,5176.665000000002,5186.385000000002,37659
2026-02-26T03:00:00+00:00,5186.385000000002,5196.225000000002,5185.015000000002,5195.055000000002,21176
2026-02-26T04:00:00+00:00,5195.055000000002,5200.755000000002,5192.575000000002,5194.995000000002,12684
2026-02-26T05:00:00+00:00,5194.995000000002,5207.595000000002,5192.315000000002,5200.455000000002,22372
2026-02-26T06:00:00+00:00,5200.455000000002,5202.175000000002,5192.805000000002,5195.745000000002,23123
2026-02-26T07:00:00+00:00,5195.745000000002,5197.245000000002,5181.935000000002,5188.285000000002,20358
2026-02-26T08:00:00+00:00,5188.285000000002,5193.215000000002,5170.145000000001,5181.625000000002,36610
2026-02-26T09:00:00+00:00,5181.625000000002,5191.695000000002,5176.305000000001,5188.165000000002,20776
2026-02-26T10:00:00+00:00,5188.165000000002,5192.1550000000025,5167.965000000002,5173.465000000002,19872
2026-02-26T11:00:00+00:00,5173.465000000002,5180.485000000002,5163.195000000002,5166.545000000002,17080
2026-02-26T12:00:00+00:00,5166.545000000002,5190.1150000000025,5159.585000000002,5185.645000000002,25555
2026-02-26T13:00:00+00:00,5185.645000000002,5187.545000000002,5166.255000000002,5168.245000000002,44875
2026-02-26T14:00:00+00:00,5168.245000000002,5178.505000000002,5141.515000000001,5166.6950000000015,91410
2026-02-26T15:00:00+00:00,5166.6950000000015,5194.965000000002,5131.7750000000015,5187.725000000002,114033
2026-02-26T16:00:00+00:00,5187.725000000002,5189.405000000002,5175.205000000003,5181.945000000002,62104
2026-02-26T17:00:00+00:00,5181.945000000002,5192.665000000003,5164.3250000000035,5169.565000000003,45735
2026-02-26T18:00:00+00:00,5169.565000000003,5188.095000000003,5162.675000000003,5182.775000000003,42284
2026-02-26T19:00:00+00:00,5182.775000000003,5196.335000000004,5181.7450000000035,5189.355000000003,22777
2026-02-26T20:00:00+00:00,5189.355000000003,5203.005000000004,5189.085000000004,5198.805000000003,27425
2026-02-26T21:00:00+00:00,5198.805000000003,5203.0350000000035,5185.125000000004,5186.205000000004,11176
2026-02-26T23:00:00+00:00,5186.205000000004,5196.065000000003,5182.0350000000035,5191.3250000000035,15288.94099182512
2026-02-27T00:00:00+00:00,5191.3250000000035,5201.635000000003,5176.675000000003,5181.4950000000035,24135
2026-02-27T01:00:00+00:00,5181.4950000000035,5202.7850000000035,5173.485000000003,5202.345000000003,38362
2026-02-27T02:00:00+00:00,5202.345000000003,5207.935000000003,5181.585000000003,5191.395000000003,38406
2026-02-27T03:00:00+00:00,5191.395000000003,5198.8250000000035,5189.185000000003,5192.205000000003,18774
2026-02-27T04:00:00+00:00,5192.205000000003,5196.985000000003,5189.005000000003,5189.815000000003,9448
2026-02-27T05:00:00+00:00,5189.815000000003,5208.865000000003,5189.585000000003,5206.135000000003,19906
2026-02-27T06:00:00+00:00,5206.135000000003,5208.145000000003,5193.965000000003,5194.5750000000035,27266
2026-02-27T07:00:00+00:00,5194.5750000000035,5198.7450000000035,5183.335000000004,5183.835000000004,21870
2026-02-27T08:00:00+00:00,5183.835000000004,5190.135000000004,5182.015000000004,5186.315000000003,18431
2026-02-27T09:00:00+00:00,5186.315000000003,5190.385000000004,5179.985000000003,5183.815000000003,17065
2026-02-27T10:00:00+00:00,5183.815000000003,5188.7850000000035,5176.805000000004,5185.275000000003,17446
2026-02-27T11:00:00+00:00,5185.275000000003,5193.555000000004,5180.375000000004,5193.555000000004,12502
2026-02-27T12:00:00+00:00,5193.555000000004,5198.465000000004,5190.505000000004,5195.055000000004,17711
2026-02-27T13:00:00+00:00,5195.055000000004,5248.375000000004,5194.485000000003,5230.595000000004,80460
2026-02-27T14:00:00+00:00,5230.595000000004,5244.435000000004,5221.215000000004,5231.685000000004,79374
2026-02-27T15:00:00+00:00,5231.685000000004,5254.615000000003,5222.545000000004,5247.255000000004,81091
2026-02-27T16:00:00+00:00,5247.255000000004,5265.705000000004,5229.475000000004,5236.945000000003,77758
2026-02-27T17:00:00+00:00,5236.945000000003,5244.865000000003,5227.9950000000035,5242.405000000003,46289
2026-02-27T18:00:00+00:00,5242.405000000003,5254.965000000004,5230.515000000004,5253.255000000004,37803
2026-02-27T19:00:00+00:00,5253.255000000004,5260.125000000004,5247.975000000004,5257.9950000000035,29185
2026-02-27T20:00:00+00:00,5257.9950000000035,5273.335000000004,5256.3250000000035,5271.505000000004,36171
2026-02-27T21:00:00+00:00,5271.505000000004,5283.915000000004,5264.9950000000035,5282.065000000003,9699
2026-03-01T23:00:00+00:00,5274.19,5393.26,5274.19,5386.56,86128
2026-03-02T00:00:00+00:00,5386.56,5387.74,5340.76,5347.2,92256
2026-03-02T01:00:00+00:00,5347.2,5347.27,5302.79,5324.27,143788
2026-03-02T02:00:00+00:00,5324.27,5351.49,5316.73,5346.14,66456
2026-03-02T03:00:00+00:00,5346.14,5366.77,5343.77,5366.21,36782
2026-03-02T04:00:00+00:00,5366.21,5367.23,5344.89,5355.6,28374
2026-03-02T05:00:00+00:00,5355.6,5366.2,5340.27,5366.12,32128
2026-03-02T06:00:00+00:00,5366.12,5389.46,5363.26,5387.28,38547
2026-03-02T07:00:00+00:00,5387.28,5419,5384.49,5407.93,53381
2026-03-02T08:00:00+00:00,5407.93,5416.53,5390.84,5393.72,54777
2026-03-02T09:00:00+00:00,5393.72,5402.57,5385.61,5392.08,36362
2026-03-02T10:00:00+00:00,5392.08,5400.77,5378.78,5389.38,36136
2026-03-02T11:00:00+00:00,5389.38,5399.92,5374.24,5385.19,34948
2026-03-02T12:00:00+00:00,5385.19,5398.61,5378.55,5397.13,48500
2026-03-02T13:00:00+00:00,5397.13,5416.12,5381.79,5393.89,109186
2026-03-02T14:00:00+00:00,5393.89,5395.16,5306.52,5332.75,168941
2026-03-02T15:00:00+00:00,5332.75,5348.53,5308.01,5315.61,149650
2026-03-02T16:00:00+00:00,5315.61,5315.61,5260.24,5289.81,149037
2026-03-02T17:00:00+00:00,5289.81,5320.17,5286.8,5306.4,78211
2026-03-02T18:00:00+00:00,5306.4,5316.37,5289.28,5315.44,47107
2026-03-02T19:00:00+00:00,5315.44,5333.81,5313.43,5330.38,33112
2026-03-02T20:00:00+00:00,5330.38,5346,5327.89,5332.24,69752
2026-03-02T21:00:00+00:00,5332.24,5340.41,5321.38,5322.39,33735
2026-03-02T23:00:00+00:00,5322.39,5353.419999999999,5322.02,5352.24,21778.726617037646
2026-03-03T00:00:00+00:00,5352.24,5368.749999999999,5343.33,5356.94,31264
2026-03-03T01:00:00+00:00,5356.94,5386.509999999999,5344.53,5345.929999999999,76616
2026-03-03T02:00:00+00:00,5345.929999999999,5374.91,5339.49,5373.33,63538
2026-03-03T03:00:00+00:00,5373.33,5380.37,5365.879999999999,5373.98,30043
2026-03-03T04:00:00+00:00,5373.98,5382.139999999999,5365.69,5367.29,23393
2026-03-03T05:00:00+00:00,5367.29,5373.44,5311.8099999999995,5325.58,68027
2026-03-03T06:00:00+00:00,5325.58,5329.599999999999,5286.259999999999,5316.8099999999995,91079
2026-03-03T07:00:00+00:00,5316.8099999999995,5337.5199999999995,5312.499999999999,5334.349999999999,39841
2026-03-03T08:00:00+00:00,5334.349999999999,5342.889999999999,5297.009999999999,5302.499999999999,61026
2026-03-03T09:00:00+00:00,5302.499999999999,5310.7,5233.07,5281.999999999999,117520
2026-03-03T10:00:00+00:00,5281.999999999999,5294.349999999999,5244.709999999999,5254.7,88593
2026-03-03T11:00:00+00:00,5254.7,5270.459999999999,5081.419999999999,5151.2,193116
2026-03-03T12:00:00+00:00,5151.2,5233.179999999999,5144.94,5231.459999999999,103915
2026-03-03T13:00:00+00:00,5231.459999999999,5231.459999999999,5133.98,5163.209999999999,163483
2026-03-03T14:00:00+00:00,5163.209999999999,5181.9,5023.139999999999,5044.0599999999995,202465
2026-03-03T15:00:00+00:00,5044.0599999999995,5103.44,5002.91,5102.299999999999,205693
2026-03-03T16:00:00+00:00,5102.299999999999,5140.969999999999,5097.0199999999995,5113.339999999999,147169
2026-03-03T17:00:00+00:00,5113.339999999999,5116.509999999999,5071.759999999999,5085.709999999999,125184
2026-03-03T18:00:00+00:00,5085.709999999999,5144.679999999999,5085.669999999999,5142.799999999999,92444
2026-03-03T19:00:00+00:00,5142.799999999999,5155.53,5106.299999999999,5119.87,98913
2026-03-03T20:00:00+00:00,5119.87,5136.5199999999995,5092.669999999999,5103.49,105932
2026-03-03T21:00:00+00:00,5103.49,5117.089999999999,5089.91,5094.57,43662
2026-03-03T23:00:00+00:00,5094.57,5142.35,5080.92,5137.37,47213.88228050733
2026-03-04T00:00:00+00:00,5137.37,5152.400000000001,5118.14,5150.700000000001,57751
2026-03-04T01:00:00+00:00,5150.700000000001,5190.71,5150.66,5187.13,117993
2026-03-04T02:00:00+00:00,5187.13,5203.08,5166.030000000001,5168.56,75451
2026-03-04T03:00:00+00:00,5168.56,5189.71,5153.37,5186.58,61341
2026-03-04T04:00:00+00:00,5186.58,5192.97,5164.240000000001,5169.150000000001,43743
2026-03-04T05:00:00+00:00,5169.150000000001,5180.02,5164.62,5171.97,62847
2026-03-04T06:00:00+00:00,5171.97,5172.400000000001,5132.47,5172.400000000001,71354
2026-03-04T07:00:00+00:00,5172.400000000001,5188.400000000001,5170.59,5180.4400000000005,37476
2026-03-04T08:00:00+00:00,5180.4400000000005,5194.14,5159.75,5180.08,45631
2026-03-04T09:00:00+00:00,5180.08,5197.6,5171.5,5194.39,34960
2026-03-04T10:00:00+00:00,5194.39,5214.62,5191.76,5202.070000000001,40474
2026-03-04T11:00:00+00:00,5202.070000000001,5213.110000000001,5200.22,5204.41,23622
2026-03-04T12:00:00+00:00,5204.41,5218.570000000001,5168.66,5183.280000000001,62772
2026-03-04T13:00:00+00:00,5183.280000000001,5208.35,5179.9400000000005,5180.04,63141
2026-03-04T14:00:00+00:00,5180.04,5197.35,5150.89,5158.6,134300
2026-03-04T15:00:00+00:00,5158.6,5179.400000000001,5143.55,5163.38,132679
2026-03-04T16:00:00+00:00,5163.38,5174.79,5151.030000000001,5162.04,88845
2026-03-04T17:00:00+00:00,5162.04,5165.280000000001,5132.87,5153.54,74468
2026-03-04T18:00:00+00:00,5153.54,5155.75,5121.89,5145.9800000000005,63111
2026-03-04T19:00:00+00:00,5145.9800000000005,5152,5135.87,5150.41,45062
2026-03-04T20:00:00+00:00,5150.41,5159.150000000001,5135.8,5147.08,48160
2026-03-04T21:00:00+00:00,5147.08,5156.22,5141.990000000001,5152.51,11879
2026-03-04T23:00:00+00:00,5152.51,5182.34,5151.72,5181.450000000001,17318.2550679579
2026-03-05T00:00:00+00:00,5181.450000000001,5196.460000000001,5175.620000000001,5189.3,19967
2026-03-05T01:00:00+00:00,5189.3,5202.420000000001,5183.85,5188.77,54297
2026-03-05T02:00:00+00:00,5188.77,5209.030000000001,5187.750000000001,5208.780000000001,40004
2026-03-05T03:00:00+00:00,5208.780000000001,5211.710000000001,5194.790000000001,5197.080000000001,22337
2026-03-05T04:00:00+00:00,5197.080000000001,5203.27,5182.670000000001,5188.170000000001,16905
2026-03-05T05:00:00+00:00,5188.170000000001,5193.3,5164.740000000001,5164.950000000001,29716
2026-03-05T06:00:00+00:00,5164.950000000001,5185.18,5137.410000000001,5184.030000000001,64065
2026-03-05T07:00:00+00:00,5184.030000000001,5189.18,5175.2300000000005,5178.27,34901
2026-03-05T08:00:00+00:00,5178.27,5186.64,5154.280000000001,5181.780000000001,37367
2026-03-05T09:00:00+00:00,5181.780000000001,5196.88,5170.13,5177.360000000001,50418
2026-03-05T10:00:00+00:00,5177.360000000001,5184.06,5162.59,5180.93,28656
2026-03-05T11:00:00+00:00,5180.93,5184.59,5173.1900000000005,5180.570000000001,18160
2026-03-05T12:00:00+00:00,5180.570000000001,5188.080000000001,5177.31,5178.900000000001,19454
2026-03-05T13:00:00+00:00,5178.900000000001,5180.650000000001,5097.920000000001,5134.360000000001,95404
2026-03-05T14:00:00+00:00,5134.360000000001,5146.01,5107.1900000000005,5118.530000000001,125941
2026-03-05T15:00:00+00:00,5118.530000000001,5135.81,5077.35,5119.06,146967
2026-03-05T16:00:00+00:00,5119.06,5121.05,5070.740000000001,5094.02,105603
2026-03-05T17:00:00+00:00,5094.02,5105.990000000001,5071.3,5079.43,94464
2026-03-05T18:00:00+00:00,5079.43,5102.040000000001,5067.500000000001,5086.13,87845
2026-03-05T19:00:00+00:00,5086.13,5097.650000000001,5071.9400000000005,5082.460000000001,70399
2026-03-05T20:00:00+00:00,5082.460000000001,5111.150000000001,5078.330000000001,5093.360000000001,80076
2026-03-05T21:00:00+00:00,5093.360000000001,5101.620000000001,5088.72,5100.110000000001,11971
2026-03-05T23:00:00+00:00,5100.110000000001,5119.360000000001,5099.22,5103.550000000001,24546.41845312291
2026-03-06T00:00:00+00:00,5103.550000000001,5109.750000000001,5091.550000000001,5102.050000000001,31039
2026-03-06T01:00:00+00:00,5102.050000000001,5161.000000000001,5084.260000000001,5152.030000000001,68968
2026-03-06T02:00:00+00:00,5152.030000000001,5155.81,5139.52,5143.570000000001,38338
2026-03-06T03:00:00+00:00,5143.570000000001,5159.22,5141.660000000001,5148.400000000001,24329
2026-03-06T04:00:00+00:00,5148.400000000001,5154.070000000001,5143.920000000001,5145.1900000000005,12730
2026-03-06T05:00:00+00:00,5145.1900000000005,5147.77,5132.000000000001,5135.030000000001,29444
2026-03-06T06:00:00+00:00,5135.030000000001,5140.650000000001,5126.540000000001,5133.150000000001,29809
2026-03-06T07:00:00+00:00,5133.150000000001,5138.300000000001,5123.120000000001,5137.47,24083
2026-03-06T08:00:00+00:00,5137.47,5140.650000000001,5113.780000000001,5126.160000000001,31177
2026-03-06T09:00:00+00:00,5126.160000000001,5126.540000000001,5100.920000000001,5103.170000000001,41577
2026-03-06T10:00:00+00:00,5103.170000000001,5110.490000000001,5093.1900000000005,5108.340000000001,37789
2026-03-06T11:00:00+00:00,5108.340000000001,5117.420000000001,5080.500000000001,5094.530000000001,41662
2026-03-06T12:00:00+00:00,5094.530000000001,5114.290000000001,5094.02,5100.77,43159
2026-03-06T13:00:00+00:00,5100.77,5148.4400000000005,5082.800000000001,5102.56,120634
2026-03-06T14:00:00+00:00,5102.56,5149.360000000001,5098.6,5147.89,134220
2026-03-06T15:00:00+00:00,5147.89,5189.460000000001,5145.56,5159.250000000001,146185
2026-03-06T16:00:00+00:00,5159.250000000001,5171.000000000001,5143.530000000001,5157.490000000001,80399
2026-03-06T17:00:00+00:00,5157.490000000001,5170.1900000000005,5146.320000000001,5158.280000000001,58415
2026-03-06T18:00:00+00:00,5158.280000000001,5185.250000000001,5156.31,5178.630000000001,49289
2026-03-06T19:00:00+00:00,5178.630000000001,5192.22,5174.160000000001,5177.18,40419
2026-03-06T20:00:00+00:00,5177.18,5180.530000000001,5167.400000000001,5170.9400000000005,40216
2026-03-06T21:00:00+00:00,5170.9400000000005,5189.14,5168.200000000001,5187.77,8676
2026-03-08T22:00:00+00:00,5187.77,5220.38,5133.870000000001,5159.320000000001,96538.99050558264
2026-03-08T23:00:00+00:00,5159.320000000001,5164.71,5073.4800000000005,5104.85,107384
2026-03-09T00:00:00+00:00,5104.85,5108.570000000001,5057.85,5079.080000000001,115704
2026-03-09T01:00:00+00:00,5079.080000000001,5117.34,5044.31,5099.1900000000005,137645
2026-03-09T02:00:00+00:00,5099.1900000000005,5128.6,5084.51,5123.900000000001,79484
2026-03-09T03:00:00+00:00,5123.900000000001,5131.320000000001,5110.63,5120.540000000001,45602
2026-03-09T04:00:00+00:00,5120.540000000001,5126.34,5114.620000000001,5119.4400000000005,23997
2026-03-09T05:00:00+00:00,5119.4400000000005,5169.67,5110.39,5153.43,67624
2026-03-09T06:00:00+00:00,5153.43,5162.950000000001,5126.240000000001,5126.75,62174
2026-03-09T07:00:00+00:00,5126.75,5137.22,5117.620000000001,5128.450000000001,41121
2026-03-09T08:00:00+00:00,5128.450000000001,5140.13,5116.290000000001,5125.75,50225
2026-03-09T09:00:00+00:00,5125.75,5161.76,5124.31,5134.830000000001,51598
2026-03-09T10:00:00+00:00,5134.830000000001,5140.580000000001,5113.64,5116.4800000000005,39840
2026-03-09T11:00:00+00:00,5116.4800000000005,5126.96,5109.22,5117.530000000001,39021
2026-03-09T12:00:00+00:00,5117.530000000001,5141.59,5117.530000000001,5124.3,37112
2026-03-09T13:00:00+00:00,5124.3,5141.02,5097.040000000001,5103.330000000001,111408
2026-03-09T14:00:00+00:00,5103.330000000001,5145.64,5090.860000000001,5123.17,130427
2026-03-09T15:00:00+00:00,5123.17,5132.96,5108.870000000001,5129,66766
2026-03-09T16:00:00+00:00,5129,5140.13,5124.17,5134.200000000001,47776
2026-03-09T17:00:00+00:00,5134.200000000001,5136.25,5118.610000000001,5125.410000000001,44658
2026-03-09T18:00:00+00:00,5125.410000000001,5156,5121.9400000000005,5152.75,32869
2026-03-09T19:00:00+00:00,5152.75,5173.76,5147.76,5170.660000000001,68439
2026-03-09T20:00:00+00:00,5170.660000000001,5177.64,5163.35,5168.09,17175
2026-03-09T22:00:00+00:00,5168.09,5191.4800000000005,5155.71,5191.14,38738.05590268484
2026-03-09T23:00:00+00:00,5191.14,5194.150000000001,5174.06,5177.85,29063
2026-03-10T00:00:00+00:00,5177.85,5179.35,5163.400000000001,5169.6,37934
2026-03-10T01:00:00+00:00,5169.6,5224.64,5162.79,5222.1900000000005,75355
2026-03-10T02:00:00+00:00,5222.1900000000005,5224.84,5202.33,5204.42,42034
2026-03-10T03:00:00+00:00,5204.42,5211.71,5193.96,5195.6,31535
2026-03-10T04:00:00+00:00,5195.6,5205.150000000001,5192.33,5202.02,16409
2026-03-10T05:00:00+00:00,5202.02,5217.7,5201.96,5215.91,23728
2026-03-10T06:00:00+00:00,5215.91,5219.29,5210.06,5213.58,26661
2026-03-10T07:00:00+00:00,5213.58,5219.76,5196.71,5219.42,31035
2026-03-10T08:00:00+00:00,5219.42,5233.8,5213.12,5221.58,35625
2026-03-10T09:00:00+00:00,5221.58,5227.79,5218.75,5220.84,23039
2026-03-10T10:00:00+00:00,5220.84,5222.56,5194.67,5215.62,38443
2026-03-10T11:00:00+00:00,5215.62,5230.29,5209.99,5213.59,37936
2026-03-10T12:00:00+00:00,5213.59,5227.96,5200.9400000000005,5225.400000000001,41652
2026-03-10T13:00:00+00:00,5225.400000000001,5267.1,5224.17,5244.07,97271
2026-03-10T14:00:00+00:00,5244.07,5252.79,5223.58,5245.2300000000005,79158
2026-03-10T15:00:00+00:00,5245.2300000000005,5276.99,5241.7300000000005,5266.92,51751
2026-03-10T16:00:00+00:00,5266.92,5273.89,5261.01,5266.12,35878
2026-03-10T17:00:00+00:00,5266.12,5273.7,5261.9800000000005,5265.86,44448
2026-03-10T18:00:00+00:00,5265.86,5266.4400000000005,5199.14,5229.75,106684
2026-03-10T19:00:00+00:00,5229.75,5245.93,5217.96,5237.1,63160
2026-03-10T20:00:00+00:00,5237.1,5237.52,5228.6,5228.97,13372
2026-03-10T22:00:00+00:00,5228.97,5235.57,5222.32,5227.67,23376.158578631108
2026-03-10T23:00:00+00:00,5227.67,5236.03,5226.04,5235.88,11803
2026-03-11T00:00:00+00:00,5235.88,5258.05,5224.98,5253.79,24892
2026-03-11T01:00:00+00:00,5253.79,5261.61,5246.98,5247.05,36397
2026-03-11T02:00:00+00:00,5247.05,5259.2699999999995,5232.46,5256.0199999999995,29563
2026-03-11T03:00:00+00:00,5256.0199999999995,5258.86,5237.849999999999,5241.69,17586
2026-03-11T04:00:00+00:00,5241.69,5247.12,5238.09,5242.88,10115
2026-03-11T05:00:00+00:00,5242.88,5246.8,5229.78,5238.0199999999995,22364
2026-03-11T06:00:00+00:00,5238.0199999999995,5249.49,5229.8,5235.92,24360
2026-03-11T07:00:00+00:00,5235.92,5241,5222.98,5234.349999999999,25697
2026-03-11T08:00:00+00:00,5234.349999999999,5237.01,5211.71,5224.18,27530
2026-03-11T09:00:00+00:00,5224.18,5233.76,5216.59,5224.16,21899
2026-03-11T10:00:00+00:00,5224.16,5232.07,5213.64,5222.43,20526
2026-03-11T11:00:00+00:00,5222.43,5230.17,5212.38,5218.11,24339
2026-03-11T12:00:00+00:00,5218.11,5233.07,5203.04,5204,51983
2026-03-11T13:00:00+00:00,5204,5219.5,5185.7699999999995,5213.59,102407
2026-03-11T14:00:00+00:00,5213.59,5232.95,5210.72,5219.7,91667
2026-03-11T15:00:00+00:00,5219.7,5222.349999999999,5200.48,5202.8,73018
2026-03-11T16:00:00+00:00,5202.8,5214.62,5200.349999999999,5212.099999999999,53943
2026-03-11T17:00:00+00:00,5212.099999999999,5217.7,5191.39,5206.45,51041
2026-03-11T18:00:00+00:00,5206.45,5214.89,5205.68,5209.22,33229
2026-03-11T19:00:00+00:00,5209.22,5220.3,5206.01,5219.7699999999995,22857
2026-03-11T20:00:00+00:00,5219.7699999999995,5220.19,5211.59,5212.86,10114
2026-03-11T22:00:00+00:00,5212.86,5222.44,5169.45,5178.7699999999995,33659.05415778252
2026-03-11T23:00:00+00:00,5178.7699999999995,5198.08,5172.76,5173.94,36826
2026-03-12T00:00:00+00:00,5173.94,5201.36,5165.7699999999995,5193.12,45094
2026-03-12T01:00:00+00:00,5193.12,5212.9,5191.2699999999995,5208.41,59797
2026-03-12T02:00:00+00:00,5208.41,5215.15,5185.5,5190.63,48840
2026-03-12T03:00:00+00:00,5190.63,5195.55,5187.12,5193.19,31408
2026-03-12T04:00:00+00:00,5193.19,5194.11,5180.36,5182.44,15937
2026-03-12T05:00:00+00:00,5182.44,5197.62,5177.12,5194.63,32323
2026-03-12T06:00:00+00:00,5194.63,5210.16,5187.0199999999995,5206.36,33154
2026-03-12T07:00:00+00:00,5206.36,5225.32,5204.59,5221.93,23873
2026-03-12T08:00:00+00:00,5221.93,5229.78,5215.82,5218.16,28942
2026-03-12T09:00:00+00:00,5218.16,5230.54,5214.45,5228.24,26819
2026-03-12T10:00:00+00:00,5228.24,5231.74,5216.53,5222.46,25024
2026-03-12T11:00:00+00:00,5222.46,5224.01,5212.8,5218.95,23801
2026-03-12T12:00:00+00:00,5218.95,5225.68,5203.51,5221.42,49721
2026-03-12T13:00:00+00:00,5221.42,5226.28,5186.07,5191.48,121511
2026-03-12T14:00:00+00:00,5191.48,5203.38,5178.37,5182.82,116112
2026-03-12T15:00:00+00:00,5182.82,5184.83,5149.55,5172.55,113808
2026-03-12T16:00:00+00:00,5172.55,5178.15,5161.37,5163.51,80208
2026-03-12T17:00:00+00:00,5163.51,5169.71,5142.71,5145.45,76375
2026-03-12T18:00:00+00:00,5145.45,5152.53,5130.94,5134.45,61527
2026-03-12T19:00:00+00:00,5134.45,5136.95,5119.17,5124.849999999999,66322
2026-03-12T20:00:00+00:00,5124.849999999999,5130.76,5094.87,5118.63,37960
2026-03-12T22:00:00+00:00,5118.63,5131.240000000001,5107.25,5131.18,23747.451763655576
2026-03-12T23:00:00+00:00,5131.18,5136.76,5124.01,5133.1,21891
2026-03-13T00:00:00+00:00,5133.1,5150.76,5132.75,5149.29,22614
2026-03-13T01:00:00+00:00,5149.29,5159.42,5144.150000000001,5159.42,44584
2026-03-13T02:00:00+00:00,5159.42,5163.83,5145.85,5147.55,31545
2026-03-13T03:00:00+00:00,5147.55,5152.2,5141.820000000001,5151.110000000001,24448
2026-03-13T04:00:00+00:00,5151.110000000001,5153.46,5138.02,5139.67,15791
2026-03-13T05:00:00+00:00,5139.67,5146.490000000001,5133.81,5138.41,33143
2026-03-13T06:00:00+00:00,5138.41,5143.17,5121.16,5123.51,56528
2026-03-13T07:00:00+00:00,5123.51,5129.7,5107.12,5120.62,42156
2026-03-13T08:00:00+00:00,5120.62,5123.43,5097.2,5122.81,47991
2026-03-13T09:00:00+00:00,5122.81,5132.56,5118.67,5124.740000000001,33010
2026-03-13T10:00:00+00:00,5124.740000000001,5133.75,5115.14,5130.42,30092
2026-03-13T11:00:00+00:00,5130.42,5143.2300000000005,5121.650000000001,5143.2,32370
2026-03-13T12:00:00+00:00,5143.2,5157.08,5139.85,5153.780000000001,52923
2026-03-13T13:00:00+00:00,5153.780000000001,5156.51,5132.17,5137.17,83699
2026-03-13T14:00:00+00:00,5137.17,5143.400000000001,5071.3,5076.52,128496
2026-03-13T15:00:00+00:00,5076.52,5106.72,5067.13,5070.33,132050
2026-03-13T16:00:00+00:00,5070.33,5088.4800000000005,5054.2300000000005,5081.42,121660
2026-03-13T17:00:00+00:00,5081.42,5099.150000000001,5078.58,5081.43,84386
2026-03-13T18:00:00+00:00,5081.43,5087.22,5071.490000000001,5082.05,62031
2026-03-13T19:00:00+00:00,5082.05,5085.31,5045,5051.8,69779
2026-03-13T20:00:00+00:00,5051.8,5060.88,5047.58,5060.3,14392
2026-03-15T22:00:00+00:00,5060.3,5078.92,5049.450000000001,5073.450000000001,55210.01017124681
2026-03-15T23:00:00+00:00,5073.450000000001,5074.6900000000005,5016.240000000001,5045.9400000000005,99287
2026-03-16T00:00:00+00:00,5045.9400000000005,5079.4800000000005,5045.14,5074.06,62272
2026-03-16T01:00:00+00:00,5074.06,5074.900000000001,5031.18,5064.360000000001,123431
2026-03-16T02:00:00+00:00,5064.360000000001,5067.6,5046.320000000001,5052.05,63879
2026-03-16T03:00:00+00:00,5052.05,5069.450000000001,5046.55,5067.7300000000005,40262
2026-03-16T04:00:00+00:00,5067.7300000000005,5074.89,5060.97,5061.320000000001,21287
2026-03-16T05:00:00+00:00,5061.320000000001,5068.8,5051.660000000001,5066.26,38521
2026-03-16T06:00:00+00:00,5066.26,5084.570000000001,5054.14,5060.63,55203
2026-03-16T07:00:00+00:00,5060.63,5064.93,5040.67,5044.55,46606
2026-03-16T08:00:00+00:00,5044.55,5052.320000000001,5033.740000000001,5039.910000000001,55034
2026-03-16T09:00:00+00:00,5039.910000000001,5040.17,5021.59,5024.25,48575
2026-03-16T10:00:00+00:00,5024.25,5048.280000000001,5018.97,5047.56,51585
2026-03-16T11:00:00+00:00,5047.56,5071.46,5041.42,5045.900000000001,48368
2026-03-16T12:00:00+00:00,5045.900000000001,5073.4800000000005,5043.370000000001,5068.63,52314
2026-03-16T13:00:00+00:00,5068.63,5083.04,5062.660000000001,5078.700000000001,97185
2026-03-16T14:00:00+00:00,5078.700000000001,5086.51,5036.46,5044.64,108660
2026-03-16T15:00:00+00:00,5044.64,5054.4800000000005,5032.59,5035.820000000001,77165
2026-03-16T16:00:00+00:00,5035.820000000001,5047.51,5022.830000000001,5039.3,68795
2026-03-16T17:00:00+00:00,5039.3,5052.42,5032.6900000000005,5040,63913
2026-03-16T18:00:00+00:00,5040,5066.56,5038.610000000001,5061.46,51411
2026-03-16T19:00:00+00:00,5061.46,5068.97,5056.8,5061.5,50298
2026-03-16T20:00:00+00:00,5061.5,5070.200000000001,5053.410000000001,5053.490000000001,15763
2026-03-16T22:00:00+00:00,5053.490000000001,5068.45,5050.99,5055.18,20798.30114560191
2026-03-16T23:00:00+00:00,5055.18,5068.13,5054.84,5065.44,17708
2026-03-17T00:00:00+00:00,5065.44,5066.34,5050.77,5055.6,35783
2026-03-17T01:00:00+00:00,5055.6,5080.52,5047.09,5080.5,61897
2026-03-17T02:00:00+00:00,5080.5,5082.31,5072.39,5075.13,36018
2026-03-17T03:00:00+00:00,5075.13,5086.11,5073.22,5079.96,25796
2026-03-17T04:00:00+00:00,5079.96,5094.45,5078.72,5090.24,23118
2026-03-17T05:00:00+00:00,5090.24,5096.9,5072.46,5073.46,40132
2026-03-17T06:00:00+00:00,5073.46,5075.46,5057.46,5062.7,52773
2026-03-17T07:00:00+00:00,5062.7,5080.82,5061.6,5073.94,29174
2026-03-17T08:00:00+00:00,5073.94,5082.19,5071.41,5077.42,36960
2026-03-17T09:00:00+00:00,5077.42,5078.57,5062.61,5063.13,31592
2026-03-17T10:00:00+00:00,5063.13,5068.9,5044.39,5052.88,41367
2026-03-17T11:00:00+00:00,5052.88,5064.2,5049.47,5055.86,24203
2026-03-17T12:00:00+00:00,5055.86,5076.57,5052.06,5064.4800000000005,41613
2026-03-17T13:00:00+00:00,5064.4800000000005,5084.48,5058.509999999999,5069.4,84096
2026-03-17T14:00:00+00:00,5069.4,5073.45,5055.9,5060.65,91835
2026-03-17T15:00:00+00:00,5060.65,5070.45,5026.44,5050.79,97942
2026-03-17T16:00:00+00:00,5050.79,5058.889999999999,5044.679999999999,5055.009999999999,73271
2026-03-17T17:00:00+00:00,5055.009999999999,5061.78,5049.62,5055.45,41528
2026-03-17T18:00:00+00:00,5055.45,5062.12,5052.86,5056.679999999999,30566
2026-03-17T19:00:00+00:00,5056.679999999999,5058.639999999999,5049.32,5053.23,39774
2026-03-17T20:00:00+00:00,5053.23,5059.849999999999,5052.83,5058.98,17326
2026-03-17T22:00:00+00:00,5058.98,5058.999999999999,5045.629999999999,5052.37,11487.832231593344
2026-03-17T23:00:00+00:00,5052.37,5056.139999999999,5051.169999999999,5055.32,8691
2026-03-18T00:00:00+00:00,5055.32,5065.039999999999,5053.03,5056.91,17918
2026-03-18T01:00:00+00:00,5056.91,5068.83,5044.07,5051.45,41961
2026-03-18T02:00:00+00:00,5051.45,5059.97,5043.45,5044.92,30830
2026-03-18T03:00:00+00:00,5044.92,5050.56,5039.06,5043.97,24391
2026-03-18T04:00:00+00:00,5043.97,5046.5199999999995,5034.59,5040.13,16475
2026-03-18T05:00:00+00:00,5040.13,5055.74,5037.72,5050.62,26907
2026-03-18T06:00:00+00:00,5050.62,5069.32,5049.19,5062.31,28171
2026-03-18T07:00:00+00:00,5062.31,5068.0199999999995,5043.03,5047.92,21207
2026-03-18T08:00:00+00:00,5047.92,5049.74,5029.94,5040.7,35437
2026-03-18T09:00:00+00:00,5040.7,5048.64,5037.57,5045.23,21981
2026-03-18T10:00:00+00:00,5045.23,5045.26,5011.25,5020.89,42273
2026-03-18T11:00:00+00:00,5020.89,5027.15,4977.49,4983.34,88987
2026-03-18T12:00:00+00:00,4983.34,4985.49,4923.63,4934.46,127570
2026-03-18T13:00:00+00:00,4934.46,4938.54,4887.22,4930.66,186544
2026-03-18T14:00:00+00:00,4930.66,4947.71,4909.31,4922.34,126311
2026-03-18T15:00:00+00:00,4922.34,4933.18,4913.9,4915.4,83534
2026-03-18T16:00:00+00:00,4915.4,4943.32,4913.9,4939.72,65858
2026-03-18T17:00:00+00:00,4939.72,4951.92,4936.91,4943.1,53486
2026-03-18T18:00:00+00:00,4943.1,4952.16,4905.07,4905.9,104093
2026-03-18T19:00:00+00:00,4905.9,4918.22,4891.09,4895.92,97073
2026-03-18T20:00:00+00:00,4895.92,4901.69,4859.43,4871.48,45425
2026-03-18T22:00:00+00:00,4871.48,4892.31,4856.3,4887.58,51415.597088597
2026-03-18T23:00:00+00:00,4887.58,4895.67,4881.2,4889.83,30255
2026-03-19T00:00:00+00:00,4889.83,4901.86,4888.41,4894.31,36387
2026-03-19T01:00:00+00:00,4894.31,4920.34,4885.99,4902.83,60750
2026-03-19T02:00:00+00:00,4902.83,4915.36,4894.57,4912,36339
2026-03-19T03:00:00+00:00,4912,4919.25,4903.93,4904.35,23025
2026-03-19T04:00:00+00:00,4904.35,4907.150000000001,4898.75,4903.22,15895
2026-03-19T05:00:00+00:00,4903.22,4907.21,4879.9400000000005,4880.96,37434
2026-03-19T06:00:00+00:00,4880.96,4895.75,4800.83,4816.64,105576
2026-03-19T07:00:00+00:00,4816.64,4837.6900000000005,4779.900000000001,4780.72,73949
2026-03-19T08:00:00+00:00,4780.72,4793.71,4739.900000000001,4762.4400000000005,135373
2026-03-19T09:00:00+00:00,4762.4400000000005,4779.07,4740.87,4752.32,141713
2026-03-19T10:00:00+00:00,4752.32,4773.25,4719.66,4732.37,108548
2026-03-19T11:00:00+00:00,4732.37,4752.6900000000005,4703.74,4704.66,103534
2026-03-19T12:00:00+00:00,4704.66,4707.08,4584.35,4627.83,177634
2026-03-19T13:00:00+00:00,4627.83,4674.32,4555.35,4674.06,297646
2026-03-19T14:00:00+00:00,4674.06,4702.34,4634.43,4654.9400000000005,263181
2026-03-19T15:00:00+00:00,4654.9400000000005,4691.99,4619.26,4649.77,206877
2026-03-19T16:00:00+00:00,4649.77,4679.82,4629.85,4638.35,176254
2026-03-19T17:00:00+00:00,4638.35,4683.35,4626.85,4669.56,138536
2026-03-19T18:00:00+00:00,4669.56,4676.52,4649.07,4676.33,102141
2026-03-19T19:00:00+00:00,4676.33,4716.66,4676.18,4697.26,179202
2026-03-19T20:00:00+00:00,4697.26,4715.16,4696.08,4702.71,33063
2026-03-19T22:00:00+00:00,4702.71,4733.05,4691.83,4692.27,40693.32154405014
2026-03-19T23:00:00+00:00,4692.27,4704.13,4690.32,4699.51,30835
2026-03-20T00:00:00+00:00,4699.51,4720.93,4697.93,4704.4800000000005,35181
2026-03-20T01:00:00+00:00,4704.4800000000005,4755.64,4695.13,4733.07,93583
2026-03-20T02:00:00+00:00,4733.07,4759.58,4726.13,4754.38,52447
2026-03-20T03:00:00+00:00,4754.38,4792.67,4748.9800000000005,4781.76,51698
2026-03-20T04:00:00+00:00,4781.76,4783.77,4771.3,4777.92,22075
2026-03-20T05:00:00+00:00,4777.92,4779.95,4741.93,4744.45,51650
2026-03-20T06:00:00+00:00,4744.45,4757.29,4717.17,4725.36,73171
2026-03-20T07:00:00+00:00,4725.36,4764.04,4723.9800000000005,4762.47,39334
2026-03-20T08:00:00+00:00,4762.47,4791.08,4740.75,4749.96,59082
2026-03-20T09:00:00+00:00,4749.96,4756.77,4715.83,4723.78,57579
2026-03-20T10:00:00+00:00,4723.78,4726.26,4693.9,4701.57,81376
2026-03-20T11:00:00+00:00,4701.57,4730.33,4692.94,4727.94,68700
2026-03-20T12:00:00+00:00,4727.94,4751.61,4717.67,4734.07,96953
2026-03-20T13:00:00+00:00,4734.07,4735.61,4668.77,4672.32,201221
2026-03-20T14:00:00+00:00,4672.32,4678.7300000000005,4603.87,4619.77,235803
2026-03-20T15:00:00+00:00,4619.77,4636.51,4596.52,4609.28,188425
2026-03-20T16:00:00+00:00,4609.28,4670.05,4607.89,4639.31,148404
2026-03-20T17:00:00+00:00,4639.31,4656.87,4610.67,4629.55,137197
2026-03-20T18:00:00+00:00,4629.55,4634.68,4533.27,4555.6,150938
2026-03-20T19:00:00+00:00,4555.6,4572.6,4541.18,4557.74,177770
2026-03-20T20:00:00+00:00,4557.74,4570.52,4549.5,4559.09,31579
2026-03-22T22:00:00+00:00,4559.09,4610.609999999999,4523.249999999999,4572.419999999999,52162.12676875223
2026-03-22T23:00:00+00:00,4572.419999999999,4585.119999999999,4526.339999999999,4538.9,58562
2026-03-23T00:00:00+00:00,4538.9,4547.65,4393.989999999999,4428.369999999999,181588
2026-03-23T01:00:00+00:00,4428.369999999999,4528.459999999999,4403.709999999999,4461.999999999999,212479
2026-03-23T02:00:00+00:00,4461.999999999999,4496.459999999999,4429.089999999999,4434.799999999999,143009
2026-03-23T03:00:00+00:00,4434.799999999999,4452.219999999999,4409.15,4427.159999999999,92413
2026-03-23T04:00:00+00:00,4427.159999999999,4456.119999999999,4424.249999999999,4441.849999999999,61089
2026-03-23T05:00:00+00:00,4441.849999999999,4454.44,4376.609999999999,4384.359999999999,103992
2026-03-23T06:00:00+00:00,4384.359999999999,4384.779999999999,4237.339999999999,4294.749999999999,218407
2026-03-23T07:00:00+00:00,4294.749999999999,4307.049999999999,4172.609999999999,4278.489999999999,247870
2026-03-23T08:00:00+00:00,4278.489999999999,4345.329999999999,4276.779999999999,4325.819999999999,193797
2026-03-23T09:00:00+00:00,4325.819999999999,4383.129999999999,4298.029999999999,4328.169999999999,152055
2026-03-23T10:00:00+00:00,4328.169999999999,4356.179999999999,4315.459999999999,4343.279999999999,117168
2026-03-23T11:00:00+00:00,4343.279999999999,4537.719999999999,4343.279999999999,4453.4,221802
2026-03-23T12:00:00+00:00,4453.4,4566.959999999999,4411.15,4552.789999999999,283266
2026-03-23T13:00:00+00:00,4552.789999999999,4559.839999999999,4475.799999999999,4528.529999999999,321015
2026-03-23T14:00:00+00:00,4528.529999999999,4587.239999999999,4527.739999999999,4536.15,310017
2026-03-23T15:00:00+00:00,4536.15,4561.529999999999,4424.94,4438.119999999999,300803
2026-03-23T16:00:00+00:00,4438.119999999999,4466.279999999999,4426.709999999999,4450.2699999999995,296391
2026-03-23T17:00:00+00:00,4450.2699999999995,4513.699999999999,4445.079999999999,4500.48,195434
2026-03-23T18:00:00+00:00,4500.48,4541.589999999999,4476.699999999999,4523.279999999999,161980
2026-03-23T19:00:00+00:00,4523.279999999999,4525.199999999999,4467.3099999999995,4472.129999999999,160496
2026-03-23T20:00:00+00:00,4472.129999999999,4487.5199999999995,4457.15,4481.69,43069
2026-03-23T22:00:00+00:00,4481.69,4510.519999999999,4439.889999999999,4505.819999999999,75025.56018869023
2026-03-23T23:00:00+00:00,4505.819999999999,4527.599999999999,4500.879999999999,4520.119999999999,60560
2026-03-24T00:00:00+00:00,4520.119999999999,4525.879999999999,4410.069999999999,4443.649999999999,140036
2026-03-24T01:00:00+00:00,4443.649999999999,4453.469999999999,4386.789999999999,4401.139999999999,208697
2026-03-24T02:00:00+00:00,4401.139999999999,4458.409999999999,4384.489999999999,4445.049999999999,181559
2026-03-24T03:00:00+00:00,4445.049999999999,4447.379999999999,4413.999999999999,4426.289999999999,107179
2026-03-24T04:00:00+00:00,4426.289999999999,4436.259999999999,4405.669999999999,4412.349999999999,69333
2026-03-24T05:00:00+00:00,4412.349999999999,4453.069999999999,4398.819999999999,4426.179999999999,137312
2026-03-24T06:00:00+00:00,4426.179999999999,4484.289999999999,4421.779999999999,4481.019999999999,148695
2026-03-24T07:00:00+00:00,4481.019999999999,4511.799999999999,4478.669999999999,4496.099999999999,120619
2026-03-24T08:00:00+00:00,4496.099999999999,4500.309999999999,4470.169999999999,4491.079999999999,120046
2026-03-24T09:00:00+00:00,4491.079999999999,4510.349999999999,4475.129999999999,4505.499999999999,81218
2026-03-24T10:00:00+00:00,4505.499999999999,4520.809999999999,4493.609999999999,4517.729999999999,68103
2026-03-24T11:00:00+00:00,4517.729999999999,4521.269999999999,4452.049999999999,4486.949999999999,121668
2026-03-24T12:00:00+00:00,4486.949999999999,4506.409999999999,4440.979999999999,4457.949999999999,138231
2026-03-24T13:00:00+00:00,4457.949999999999,4468.959999999999,4430.179999999999,4460.449999999999,230663
2026-03-24T14:00:00+00:00,4460.449999999999,4512.889999999999,4459.589999999999,4494.929999999999,248304
2026-03-24T15:00:00+00:00,4494.929999999999,4510.339999999999,4475.289999999999,4490.559999999999,186905
2026-03-24T16:00:00+00:00,4490.559999999999,4506.939999999999,4481.479999999999,4500.769999999999,119113
2026-03-24T17:00:00+00:00,4500.769999999999,4505.809999999999,4451.329999999999,4467.619999999999,177387
2026-03-24T18:00:00+00:00,4467.619999999999,4502.989999999999,4462.899999999999,4468.449999999999,131500
2026-03-24T19:00:00+00:00,4468.449999999999,4490.719999999999,4467.589999999999,4479.449999999999,74474
2026-03-24T20:00:00+00:00,4479.449999999999,4563.339999999999,4476.639999999999,4552.859999999999,103687
2026-03-24T22:00:00+00:00,4552.859999999999,4568.2699999999995,4537.65,4566.48,61543.29349664625
2026-03-24T23:00:00+00:00,4566.48,4633.86,4554.419999999999,4628.87,83178
2026-03-25T00:00:00+00:00,4628.87,4654.419999999999,4619.57,4645.61,75296
2026-03-25T01:00:00+00:00,4645.61,4683.5599999999995,4634.459999999999,4676.8099999999995,90252
2026-03-25T02:00:00+00:00,4676.8099999999995,4684.73,4661.849999999999,4665.66,58005
2026-03-25T03:00:00+00:00,4665.66,4668.759999999999,4649.78,4652.579999999999,34669
2026-03-25T04:00:00+00:00,4652.579999999999,4657.07,4647.639999999999,4655.249999999999,19559
2026-03-25T05:00:00+00:00,4655.249999999999,4655.9,4630.929999999999,4637.95,44185
2026-03-25T06:00:00+00:00,4637.95,4639.509999999999,4615.219999999999,4627.87,51302
2026-03-25T07:00:00+00:00,4627.87,4645.539999999999,4618.929999999999,4621.919999999999,42057
2026-03-25T08:00:00+00:00,4621.919999999999,4650.2,4618.049999999999,4638.509999999999,70243
2026-03-25T09:00:00+00:00,4638.509999999999,4650.039999999999,4609.5599999999995,4634.049999999999,59596
2026-03-25T10:00:00+00:00,4634.049999999999,4644.849999999999,4633.37,4641.0199999999995,43481
2026-03-25T11:00:00+00:00,4641.0199999999995,4668.009999999999,4638.329999999999,4661.099999999999,50209
2026-03-25T12:00:00+00:00,4661.099999999999,4665.929999999999,4603.91,4626.389999999999,113083
2026-03-25T13:00:00+00:00,4626.389999999999,4658.69,4623.03,4627.2,147939
2026-03-25T14:00:00+00:00,4627.2,4661.48,4615.0599999999995,4649.5199999999995,138031
2026-03-25T15:00:00+00:00,4649.5199999999995,4651.41,4607.15,4641.329999999999,116304
2026-03-25T16:00:00+00:00,4641.329999999999,4647.249999999999,4627.599999999999,4637.389999999999,92832
2026-03-25T17:00:00+00:00,4637.389999999999,4646.169999999999,4624.999999999999,4632.579999999999,70245
2026-03-25T18:00:00+00:00,4632.579999999999,4651.079999999999,4613.0599999999995,4620.2,74848
2026-03-25T19:00:00+00:00,4620.2,4622.03,4568.829999999999,4613.329999999999,96907
2026-03-25T20:00:00+00:00,4613.329999999999,4624.41,4576.82,4588.259999999999,39257
2026-03-25T22:00:00+00:00,4588.259999999999,4624.339999999999,4588.259999999999,4606.83,54016.22681883024
2026-03-25T23:00:00+00:00,4606.83,4607.74,4578,4587.45,40317
2026-03-26T00:00:00+00:00,4587.45,4628.48,4587.16,4624.86,56626
2026-03-26T01:00:00+00:00,4624.86,4633.79,4611.49,4624.719999999999,73932
2026-03-26T02:00:00+00:00,4624.719999999999,4625.28,4594.91,4598.07,52033
2026-03-26T03:00:00+00:00,4598.07,4608.129999999999,4589.049999999999,4606.049999999999,40482
2026-03-26T04:00:00+00:00,4606.049999999999,4613.679999999999,4600.79,4609.58,19644
2026-03-26T05:00:00+00:00,4609.58,4611.66,4528.0199999999995,4528.25,74601
2026-03-26T06:00:00+00:00,4528.25,4548.599999999999,4504.839999999999,4545.57,105368
2026-03-26T07:00:00+00:00,4545.57,4553.139999999999,4528.08,4541.8099999999995,70040
2026-03-26T08:00:00+00:00,4541.8099999999995,4548.46,4501.299999999999,4516.8099999999995,107373
2026-03-26T09:00:00+00:00,4516.8099999999995,4526.4,4503.53,4512.82,85445
2026-03-26T10:00:00+00:00,4512.82,4537.75,4506.259999999999,4532.75,72897
2026-03-26T11:00:00+00:00,4532.75,4546.03,4508.12,4512.25,68942
2026-03-26T12:00:00+00:00,4512.25,4535.29,4505.639999999999,4518.75,81237
2026-03-26T13:00:00+00:00,4518.75,4550.089999999999,4509.25,4542.2,142446
2026-03-26T14:00:00+00:00,4542.2,4568.74,4526.44,4554.15,167992
2026-03-26T15:00:00+00:00,4554.15,4558.2699999999995,4523.15,4527.32,122481
2026-03-26T16:00:00+00:00,4527.32,4532.15,4456.0599999999995,4478.32,144039
2026-03-26T17:00:00+00:00,4478.32,4491.839999999999,4466.37,4470.46,104773
2026-03-26T18:00:00+00:00,4470.46,4487.15,4456.7,4483.58,80102
2026-03-26T19:00:00+00:00,4483.58,4488.65,4448.46,4453.29,75708
2026-03-26T20:00:00+00:00,4453.29,4509.75,4440.299999999999,4470.16,123551
2026-03-26T22:00:00+00:00,4470.16,4500.78,4457.539999999999,4496.8099999999995,40310.29178331199
2026-03-26T23:00:00+00:00,4496.8099999999995,4499.829999999999,4475.159999999999,4490.589999999999,25239
2026-03-27T00:00:00+00:00,4490.589999999999,4496.53,4460.829999999999,4464.53,35779
2026-03-27T01:00:00+00:00,4464.53,4505.929999999999,4462.549999999999,4502.719999999999,50119
2026-03-27T02:00:00+00:00,4502.719999999999,4525.829999999999,4502.409999999999,4517.579999999999,40318
2026-03-27T03:00:00+00:00,4517.579999999999,4531.299999999999,4506.599999999999,4523.129999999999,32974
2026-03-27T04:00:00+00:00,4523.129999999999,4535.079999999999,4516.929999999999,4531.48,16845
2026-03-27T05:00:00+00:00,4531.48,4560.73,4525.829999999999,4539.949999999999,43072
2026-03-27T06:00:00+00:00,4539.949999999999,4558.23,4537.039999999999,4545.0599999999995,39353
2026-03-27T07:00:00+00:00,4545.0599999999995,4548.49,4528.209999999999,4533.159999999999,34220
2026-03-27T08:00:00+00:00,4533.159999999999,4536.869999999999,4509.11,4509.57,59535
2026-03-27T09:00:00+00:00,4509.57,4523.639999999999,4506.169999999999,4514.23,48867
2026-03-27T10:00:00+00:00,4514.23,4518.5199999999995,4496.259999999999,4500.53,44992
2026-03-27T11:00:00+00:00,4500.53,4511.82,4489.759999999999,4505.44,42054
2026-03-27T12:00:00+00:00,4505.44,4530.99,4497.94,4523.599999999999,57547
2026-03-27T13:00:00+00:00,4523.599999999999,4529.53,4499.0199999999995,4516.389999999999,105647
2026-03-27T14:00:00+00:00,4516.389999999999,4600.73,4515.669999999999,4595.07,128838
2026-03-27T15:00:00+00:00,4595.07,4640.969999999999,4587.159999999999,4609.8099999999995,145319
2026-03-27T16:00:00+00:00,4609.8099999999995,4619.28,4590.949999999999,4601.579999999999,105496
2026-03-27T17:00:00+00:00,4601.579999999999,4607.73,4572.03,4572.36,95588
2026-03-27T18:00:00+00:00,4572.36,4614.03,4572.32,4602.419999999999,81647
2026-03-27T19:00:00+00:00,4602.419999999999,4612.07,4585.99,4599.619999999999,71321
2026-03-27T20:00:00+00:00,4599.619999999999,4605.999999999999,4584.039999999999,4591.159999999999,16167
2026-03-29T22:00:00+00:00,4591.159999999999,4607.2699999999995,4572.669999999999,4578.669999999999,66384.18412872884
2026-03-29T23:00:00+00:00,4578.669999999999,4586.69,4537.669999999999,4542.869999999999,75657
2026-03-30T00:00:00+00:00,4542.869999999999,4560.799999999999,4511.039999999999,4525.839999999999,121789
2026-03-30T01:00:00+00:00,4525.839999999999,4569.929999999999,4525.509999999999,4563.5599999999995,137102
2026-03-30T02:00:00+00:00,4563.5599999999995,4593.489999999999,4552.659999999999,4575.32,87801
2026-03-30T03:00:00+00:00,4575.32,4611.489999999999,4572.749999999999,4589.909999999999,68497
2026-03-30T04:00:00+00:00,4589.909999999999,4592.739999999999,4580.249999999999,4591.0599999999995,38004
2026-03-30T05:00:00+00:00,4591.0599999999995,4622.48,4590.749999999999,4616.669999999999,65934
2026-03-30T06:00:00+00:00,4616.669999999999,4644.869999999999,4610.98,4626.8099999999995,65926
2026-03-30T07:00:00+00:00,4626.8099999999995,4628.969999999999,4609.82,4621.239999999999,65218
2026-03-30T08:00:00+00:00,4621.239999999999,4634.53,4619.039999999999,4632.629999999999,48824
2026-03-30T09:00:00+00:00,4632.629999999999,4635.049999999999,4617.449999999999,4626.919999999999,56612
2026-03-30T10:00:00+00:00,4626.919999999999,4634.249999999999,4621.669999999999,4626.379999999999,36472
2026-03-30T11:00:00+00:00,4626.379999999999,4674.844999999999,4619.499999999999,4653.444999999999,82123.33625652206
2026-03-30T12:00:00+00:00,4653.444999999999,4672.274999999999,4639.1849999999995,4663.424999999999,64813
2026-03-30T13:00:00+00:00,4663.424999999999,4672.664999999999,4610.584999999999,4617.6849999999995,153006
2026-03-30T14:00:00+00:00,4617.6849999999995,4635.514999999999,4606.364999999999,4632.834999999999,173694
2026-03-30T15:00:00+00:00,4632.834999999999,4650.964999999999,4618.844999999999,4642.194999999999,103319
2026-03-30T16:00:00+00:00,4642.194999999999,4643.734999999999,4625.9349999999995,4634.034999999999,68928
2026-03-30T17:00:00+00:00,4634.034999999999,4636.374999999999,4605.594999999999,4609.014999999999,82025
2026-03-30T18:00:00+00:00,4609.014999999999,4617.334999999999,4592.3949999999995,4593.044999999999,60605
2026-03-30T19:00:00+00:00,4593.044999999999,4612.484999999999,4587.284999999999,4607.524999999999,90935
2026-03-30T20:00:00+00:00,4607.524999999999,4610.464999999999,4595.024999999999,4605.264999999999,18646
2026-03-30T22:00:00+00:00,4605.264999999999,4618.035,4596.3949999999995,4605.094999999999,22092.184226286452
2026-03-30T23:00:00+00:00,4605.094999999999,4616.125,4587.134999999999,4608.195,38221
2026-03-31T00:00:00+00:00,4608.195,4642.605,4576.955,4642.1449999999995,99284
2026-03-31T01:00:00+00:00,4642.1449999999995,4713.855,4626.545,4699.4349999999995,122109
2026-03-31T02:00:00+00:00,4699.4349999999995,4701.674999999999,4660.005,4662.315,76392
2026-03-31T03:00:00+00:00,4662.315,4671.505,4644.714999999999,4651.6449999999995,47479
2026-03-31T04:00:00+00:00,4651.6449999999995,4664.075,4651.514999999999,4659.224999999999,28437
2026-03-31T05:00:00+00:00,4659.224999999999,4676.535,4642.094999999999,4663.335,50435
2026-03-31T06:00:00+00:00,4663.335,4663.594999999999,4647.605,4651.735,59003
2026-03-31T07:00:00+00:00,4651.735,4660.605,4637.815,4659.275,54877
2026-03-31T08:00:00+00:00,4659.275,4670.054999999999,4655.094999999999,4663.355,51417
2026-03-31T09:00:00+00:00,4663.355,4667.224999999999,4644.924999999999,4650.295,52896
2026-03-31T10:00:00+00:00,4650.295,4656.634999999999,4623.8949999999995,4641.605,54002
2026-03-31T11:00:00+00:00,4641.605,4688.045,4635.855,4677.045,106224
2026-03-31T12:00:00+00:00,4677.045,4692.375,4663.6449999999995,4669.405,98751
2026-03-31T13:00:00+00:00,4669.405,4704.3949999999995,4662.214999999999,4701.705,115604
2026-03-31T14:00:00+00:00,4701.705,4724.714999999999,4689.585,4693.955,173131
2026-03-31T15:00:00+00:00,4693.955,4720.174999999999,4693.8949999999995,4704.075,110002
2026-03-31T16:00:00+00:00,4704.075,4746.255,4701.764999999999,4733.025,144247
2026-03-31T17:00:00+00:00,4733.025,4762.115,4730.795,4749.155,135161
2026-03-31T18:00:00+00:00,4749.155,4765.815,4748.075,4762.195,73110
2026-03-31T19:00:00+00:00,4762.195,4780.585,4756.554999999999,4777.724999999999,68847
2026-03-31T20:00:00+00:00,4777.724999999999,4782.065,4759.464999999999,4763.514999999999,24147
2026-03-31T22:00:00+00:00,4763.514999999999,4801.255,4762.595,4785.375,47451.89690793667
2026-03-31T23:00:00+00:00,4785.375,4804.655,4776.105,4800.845,36036
2026-04-01T00:00:00+00:00,4800.845,4827.1449999999995,4797.855,4815.255,59273
2026-04-01T01:00:00+00:00,4815.255,4828.724999999999,4785.785,4797.305,88292
2026-04-01T02:00:00+00:00,4797.305,4805.255,4782.445,4789.1449999999995,44968
2026-04-01T03:00:00+00:00,4789.1449999999995,4798.985,4784.255,4786.455,25117
2026-04-01T04:00:00+00:00,4786.455,4786.595,4771.615,4781.035,22076
2026-04-01T05:00:00+00:00,4781.035,4808.355,4779.245,4789.295,33898
2026-04-01T06:00:00+00:00,4789.295,4837.845,4787.065,4835.125,58187
2026-04-01T07:00:00+00:00,4835.125,4852.474999999999,4814.075,4817.845,74044
2026-04-01T08:00:00+00:00,4817.845,4845.195,4814.805,4833.025,61081
2026-04-01T09:00:00+00:00,4833.025,4834.915,4817.485,4827.905,45900
2026-04-01T10:00:00+00:00,4827.905,4843.565,4819.985,4835.945,36279
2026-04-01T11:00:00+00:00,4835.945,4867.745,4832.615,4857.175,45267
2026-04-01T12:00:00+00:00,4857.175,4858.514999999999,4829.085,4829.505,91641
2026-04-01T13:00:00+00:00,4829.505,4854.375,4820.9349999999995,4842.065,125911
2026-04-01T14:00:00+00:00,4842.065,4873.675,4828.555,4865.405,143249
2026-04-01T15:00:00+00:00,4865.405,4892.865,4863.045,4891.365,79688
2026-04-01T16:00:00+00:00,4891.365,4895.605,4879.135,4891.925,50708
2026-04-01T17:00:00+00:00,4891.925,4897.735,4878.495,4879.075,42424
2026-04-01T18:00:00+00:00,4879.075,4879.965,4846.545,4857.635,104734
2026-04-01T19:00:00+00:00,4857.635,4883.135,4855.715,4870.875,63197
2026-04-01T20:00:00+00:00,4870.875,4875.945,4858.485,4862.965,18172
2026-04-01T22:00:00+00:00,4760.19,4785.1900000000005,4755.78,4778.650000000001,17752.522191869743
2026-04-01T23:00:00+00:00,4778.650000000001,4803.05,4775.67,4786.1900000000005,26723
2026-04-02T00:00:00+00:00,4786.1900000000005,4801.03,4777.31,4786.6900000000005,42902
2026-04-02T01:00:00+00:00,4786.6900000000005,4788.04,4651.33,4697.9400000000005,191549
2026-04-02T02:00:00+00:00,4697.9400000000005,4706.43,4657.9400000000005,4689.33,103464
2026-04-02T03:00:00+00:00,4689.33,4701.820000000001,4677.88,4678.93,43916
2026-04-02T04:00:00+00:00,4678.93,4684.25,4659.27,4674.7,37734
2026-04-02T05:00:00+00:00,4674.7,4682.97,4587.92,4596.4800000000005,85614
2026-04-02T06:00:00+00:00,4596.4800000000005,4611.27,4555.91,4601.06,110035
2026-04-02T07:00:00+00:00,4601.06,4653.84,4599.35,4644.87,62713
2026-04-02T08:00:00+00:00,4644.87,4651.09,4618.87,4623.38,64174
2026-04-02T09:00:00+00:00,4623.38,4634.56,4615.320000000001,4623.860000000001,45519
2026-04-02T10:00:00+00:00,4623.860000000001,4637.570000000001,4605.9800000000005,4622.74,43767
2026-04-02T11:00:00+00:00,4622.74,4633.2,4594.81,4602.45,71588
2026-04-02T12:00:00+00:00,4602.45,4632.59,4596.71,4604.4400000000005,85192
2026-04-02T13:00:00+00:00,4604.4400000000005,4653.92,4582.88,4648.7300000000005,207350
2026-04-02T14:00:00+00:00,4648.7300000000005,4702.18,4633.8,4683.77,233326
2026-04-02T15:00:00+00:00,4683.77,4686.610000000001,4654.91,4663.26,170043.7478097995
2026-04-02T16:00:00+00:00,4663.26,4673.23,4645.11,4661.69,112252
2026-04-02T17:00:00+00:00,4661.69,4671,4648.24,4651.3,88635
2026-04-02T18:00:00+00:00,4651.3,4674.68,4649.92,4671.04,65763
2026-04-02T19:00:00+00:00,4671.04,4684.38,4663.8,4674.66,63461
2026-04-02T20:00:00+00:00,4674.66,4680.2,4666.72,4678.87,18492
2026-04-03T14:00:00+00:00,4676.33,4676.33,4672.02,4672.02,3
2026-04-03T15:00:00+00:00,4672.02,4673.62,4671.99,4672.12,50
2026-04-05T22:00:00+00:00,4672.12,4673.48,4589.8,4627.8,62643.65850276797
2026-04-05T23:00:00+00:00,4627.8,4633.2300000000005,4586.89,4592.42,44315
2026-04-06T00:00:00+00:00,4592.42,4611.27,4582.410000000001,4604.410000000001,67789
2026-04-06T01:00:00+00:00,4604.410000000001,4625.030000000001,4602.540000000001,4607.77,44207
2026-04-06T02:00:00+00:00,4607.77,4653.71,4605.64,4629.860000000001,51851
2026-04-06T03:00:00+00:00,4629.860000000001,4630.080000000001,4607.26,4622.5,36354
2026-04-06T04:00:00+00:00,4622.5,4642.26,4621.780000000001,4640.790000000001,17682
2026-04-06T05:00:00+00:00,4640.790000000001,4660.88,4633.4800000000005,4634.910000000001,22792
2026-04-06T06:00:00+00:00,4634.910000000001,4649.76,4625.410000000001,4647.950000000001,29385
2026-04-06T07:00:00+00:00,4647.950000000001,4670.8,4626.790000000001,4666.68,36119
2026-04-06T08:00:00+00:00,4666.68,4680.450000000001,4662.4400000000005,4677.97,35219
2026-04-06T09:00:00+00:00,4677.97,4688.9800000000005,4672.8,4675.910000000001,40949
2026-04-06T10:00:00+00:00,4675.910000000001,4679.92,4665.96,4671.85,41809
2026-04-06T11:00:00+00:00,4671.85,4679.02,4659.21,4659.93,35763
2026-04-06T12:00:00+00:00,4659.93,4669.05,4641.910000000001,4658.280000000001,46481
2026-04-06T13:00:00+00:00,4658.280000000001,4663.68,4641.6900000000005,4661.67,96792
2026-04-06T14:00:00+00:00,4661.67,4679.93,4641.990000000001,4664.75,112069
2026-04-06T15:00:00+00:00,4664.75,4666.2300000000005,4633.85,4650.110000000001,61427
2026-04-06T16:00:00+00:00,4650.110000000001,4654.81,4639.950000000001,4642.63,33900
2026-04-06T17:00:00+00:00,4642.63,4643.280000000001,4627.660000000001,4635.64,48862
2026-04-06T18:00:00+00:00,4635.64,4648.660000000001,4631.13,4640.52,41843
2026-04-06T19:00:00+00:00,4640.52,4641.85,4627.68,4637.89,20036
2026-04-06T20:00:00+00:00,4637.89,4640.52,4630.280000000001,4631.35,9759
2026-04-06T22:00:00+00:00,4631.35,4657.3,4629.92,4647.83,16088.338869829762
2026-04-06T23:00:00+00:00,4647.83,4651.09,4640.83,4648.25,9095
2026-04-07T00:00:00+00:00,4648.25,4651.12,4638.56,4644.21,25568
2026-04-07T01:00:00+00:00,4644.21,4654.15,4605.41,4616.3,105186
2026-04-07T02:00:00+00:00,4616.3,4643.34,4609.31,4639.76,38349
2026-04-07T03:00:00+00:00,4639.76,4643.72,4628.97,4639.3,22233
2026-04-07T04:00:00+00:00,4639.3,4653.91,4634.97,4649.6,14637
2026-04-07T05:00:00+00:00,4649.6,4651.27,4612.4800000000005,4632.64,42323
2026-04-07T06:00:00+00:00,4632.64,4646.32,4627.2,4642.67,39344
2026-04-07T07:00:00+00:00,4642.67,4646.63,4626.08,4635.4,36809
2026-04-07T08:00:00+00:00,4635.4,4680.68,4633.75,4672.56,85365
2026-04-07T09:00:00+00:00,4672.56,4684.22,4648.21,4660.17,52842
2026-04-07T10:00:00+00:00,4660.17,4670.14,4638.7300000000005,4641.5,71582
2026-04-07T11:00:00+00:00,4641.5,4653.5,4618.14,4649.38,45526
2026-04-07T12:00:00+00:00,4649.38,4660.5,4636.3,4640.75,56800
2026-04-07T13:00:00+00:00,4640.75,4652.81,4625.11,4633.79,118495
2026-04-07T14:00:00+00:00,4633.79,4651.4,4596.81,4622.89,137699
2026-04-07T15:00:00+00:00,4622.89,4649.02,4614.42,4645.27,91341
2026-04-07T16:00:00+00:00,4645.27,4658.22,4642.05,4646.7,75095
2026-04-07T17:00:00+00:00,4646.7,4676.44,4643.42,4665.53,54601
2026-04-07T18:00:00+00:00,4665.53,4675.89,4647.07,4651.91,48166
2026-04-07T19:00:00+00:00,4651.91,4708.22,4650,4690.49,195956
2026-04-07T20:00:00+00:00,4690.49,4706.47,4686.61,4695.95,47785
2026-04-07T22:00:00+00:00,4695.95,4835.46,4695.17,4833.84,97838.96131437893
2026-04-07T23:00:00+00:00,4833.84,4852.34,4816.96,4848.75,89001
2026-04-08T00:00:00+00:00,4848.75,4874.34,4824.59,4833.26,92168
2026-04-08T01:00:00+00:00,4833.26,4840.71,4803.740000000001,4826.030000000001,95978
2026-04-08T02:00:00+00:00,4826.030000000001,4841.1,4814.25,4819.58,36120
2026-04-08T03:00:00+00:00,4819.58,4821.97,4810.63,4813.650000000001,30155
2026-04-08T04:00:00+00:00,4813.650000000001,4822.780000000001,4806.3,4819.54,25122
2026-04-08T05:00:00+00:00,4819.54,4860.13,4816.33,4843.54,36912
2026-04-08T06:00:00+00:00,4843.54,4855.96,4835.67,4835.79,50095
2026-04-08T07:00:00+00:00,4835.79,4837.29,4820.76,4828.990000000001,39310
2026-04-08T08:00:00+00:00,4828.990000000001,4835.76,4805.860000000001,4809.81,39533
2026-04-08T09:00:00+00:00,4809.81,4822.83,4791.88,4799.21,41423
2026-04-08T10:00:00+00:00,4799.21,4812.200000000001,4786.72,4798.5,35744
2026-04-08T11:00:00+00:00,4798.5,4818.77,4793.490000000001,4814.22,50102
2026-04-08T12:00:00+00:00,4814.22,4823.13,4783.6900000000005,4815.33,86323
2026-04-08T13:00:00+00:00,4815.33,4822.58,4783.6900000000005,4793.150000000001,112464
2026-04-08T14:00:00+00:00,4793.150000000001,4807.88,4747.950000000001,4752.1900000000005,150523
2026-04-08T15:00:00+00:00,4752.1900000000005,4779.16,4749.77,4772.38,80244
2026-04-08T16:00:00+00:00,4772.38,4781.55,4761.1900000000005,4776.38,49134
2026-04-08T17:00:00+00:00,4776.38,4780.360000000001,4747.02,4749.59,54042
2026-04-08T18:00:00+00:00,4749.59,4760.490000000001,4719.22,4720.92,98434
2026-04-08T19:00:00+00:00,4720.92,4747.85,4714.41,4746.490000000001,64374
2026-04-08T20:00:00+00:00,4746.490000000001,4748.27,4732.66,4736.42,16909
2026-04-08T22:00:00+00:00,4736.42,4753.1,4724.150000000001,4737.33,24176.790561939662
2026-04-08T23:00:00+00:00,4737.33,4740.045,4725.1849999999995,4735.4349999999995,18737.082532239154
2026-04-09T00:00:00+00:00,4735.4349999999995,4739.075,4718.585,4726.835,36140
2026-04-09T01:00:00+00:00,4726.835,4748.525,4719.514999999999,4747.304999999999,56409
2026-04-09T02:00:00+00:00,4747.304999999999,4753.205,4737.304999999999,4739.255,25432
2026-04-09T03:00:00+00:00,4739.255,4740.474999999999,4725.065,4731.815,24007
2026-04-09T04:00:00+00:00,4731.815,4745.705,4729.625,4740.655,13929
2026-04-09T05:00:00+00:00,4740.655,4746.9349999999995,4725.545,4733.625,28396
2026-04-09T06:00:00+00:00,4733.625,4745.295,4723.285,4732.924999999999,37247
2026-04-09T07:00:00+00:00,4732.924999999999,4751.714999999999,4725.745,4744.464999999999,62511
2026-04-09T08:00:00+00:00,4744.464999999999,4753.865,4740.035,4746.464999999999,33549
2026-04-09T09:00:00+00:00,4746.464999999999,4753.605,4742.795,4749.4349999999995,31907
2026-04-09T10:00:00+00:00,4749.4349999999995,4766.985,4743.795,4761.245,31493
2026-04-09T11:00:00+00:00,4761.245,4777.995,4758.424999999999,4776.735,30368
2026-04-09T12:00:00+00:00,4776.735,4779.825,4754.835,4766.174999999999,48353
2026-04-09T13:00:00+00:00,4766.174999999999,4797.424999999999,4758.634999999999,4784.525,102824
2026-04-09T14:00:00+00:00,4784.525,4796.455,4767.174999999999,4788.735,109084
2026-04-09T15:00:00+00:00,4788.735,4818.335,4781.304999999999,4813.115,110084
2026-04-09T16:00:00+00:00,4813.115,4821.224999999999,4804.474999999999,4809.025,66805
2026-04-09T17:00:00+00:00,4809.025,4821.585,4806.785,4817.915,51475
2026-04-09T18:00:00+00:00,4817.915,4818.205,4787.785,4792.384999999999,78156
2026-04-09T19:00:00+00:00,4792.384999999999,4802.915,4786.525,4789.045,63130
2026-04-09T20:00:00+00:00,4789.045,4793.585,4780.835,4786.085,14998
2026-04-09T22:00:00+00:00,4786.085,4806.655,4786.025,4792.875,16017.382173355403
2026-04-09T23:00:00+00:00,4792.875,4792.925,4785.1849999999995,4792.195,10200
2026-04-10T00:00:00+00:00,4792.195,4792.4349999999995,4778.715,4791.045,23736
2026-04-10T01:00:00+00:00,4791.045,4805.625,4786.305,4792.595,37234
2026-04-10T02:00:00+00:00,4792.595,4793.925,4766.125,4781.575,36143
2026-04-10T03:00:00+00:00,4781.575,4797.885,4781.205,4794.885,21503
2026-04-10T04:00:00+00:00,4794.885,4799.295,4786.215,4786.715,11747
2026-04-10T05:00:00+00:00,4786.715,4797.755,4785.474999999999,4793.965,21411
2026-04-10T06:00:00+00:00,4793.965,4794.015,4770.945,4774.245,32218
2026-04-10T07:00:00+00:00,4774.245,4786.095,4769.3949999999995,4778.1849999999995,27755
2026-04-10T08:00:00+00:00,4778.1849999999995,4781.835,4758.945,4769.305,40136
2026-04-10T09:00:00+00:00,4769.305,4789.275,4768.925,4780.045,47758
2026-04-10T10:00:00+00:00,4780.045,4789.125,4770.535,4785.605,29149
2026-04-10T11:00:00+00:00,4785.605,4797.235,4781.695,4796.615,26844
2026-04-10T12:00:00+00:00,4796.615,4810.965,4788.165,4800.195,67889
2026-04-10T13:00:00+00:00,4800.195,4808.795,4793.455,4803.165,90800
2026-04-10T14:00:00+00:00,4803.165,4823.665,4795.724999999999,4803.285,99708
2026-04-10T15:00:00+00:00,4803.285,4815.775,4783.545,4790.525,85682
2026-04-10T16:00:00+00:00,4790.525,4794.6849999999995,4775.465,4792.255,53122
2026-04-10T17:00:00+00:00,4792.255,4797.305,4786.675,4788.775,34942.28575145526
2026-04-10T18:00:00+00:00,4788.775,4801.765,4779.485,4793.845,38502
2026-04-10T19:00:00+00:00,4793.845,4799.165,4786.685,4788.135,32898
2026-04-10T20:00:00+00:00,4788.135,4788.425,4769.275,4779.365,10872
2026-04-12T22:00:00+00:00,4779.365,4818.945,4711.445,4726.865,48707.562952243126
2026-04-12T23:00:00+00:00,4726.865,4740.045,4711.775,4739.075,28758
2026-04-13T00:00:00+00:00,4739.075,4766.415,4732.315,4763.435,33192
2026-04-13T01:00:00+00:00,4763.435,4796.375,4761.425,4789.245,59328
2026-04-13T02:00:00+00:00,4789.245,4796.025,4778.905,4788.235,30043
2026-04-13T03:00:00+00:00,4788.235,4792.055,4779.8949999999995,4785.795,17627
2026-04-13T04:00:00+00:00,4785.795,4793.005,4776.425,4791.305,15189
2026-04-13T05:00:00+00:00,4791.305,4799.035,4784.015,4797.095,22452
2026-04-13T06:00:00+00:00,4797.095,4800.795,4788.585,4793.335,27230
2026-04-13T07:00:00+00:00,4793.335,4808.1449999999995,4792.495,4801.765,31948
2026-04-13T08:00:00+00:00,4801.765,4806.765,4788.255,4791.475,28948
2026-04-13T09:00:00+00:00,4791.475,4796.865,4778.575,4782.835,28367
2026-04-13T10:00:00+00:00,4782.835,4792.025,4776.495,4790.155,21570
2026-04-13T11:00:00+00:00,4790.155,4797.385,4771.125,4775.005,38954
2026-04-13T12:00:00+00:00,4775.005,4793.265,4771.545,4791.735,47832
2026-04-13T13:00:00+00:00,4791.735,4812.365,4788.885,4798.535,95957
2026-04-13T14:00:00+00:00,4798.535,4798.825,4776.705,4786.825,86712
2026-04-13T15:00:00+00:00,4786.825,4787.945,4768.155,4782.445,63449
2026-04-13T16:00:00+00:00,4782.445,4814.105,4777.515,4801.325,73256
2026-04-13T17:00:00+00:00,4801.325,4818.215,4793.795,4797.965,39030
2026-04-13T18:00:00+00:00,4797.965,4808.935,4791.485,4806.415,31030
2026-04-13T19:00:00+00:00,4806.415,4815.595,4798.735,4809.135,40282
2026-04-13T20:00:00+00:00,4809.135,4812.075,4806.115,4810.125,8045
2026-04-13T22:00:00+00:00,4810.125,4834.085000000001,4809.305,4832.345,18172.982080425056
2026-04-13T23:00:00+00:00,4832.345,4840.385,4828.895,4832.135,12866
2026-04-14T00:00:00+00:00,4832.135,4850.695000000001,4825.925,4844.465,26386
2026-04-14T01:00:00+00:00,4844.465,4851.965,4836.255,4839.8150000000005,41769
2026-04-14T02:00:00+00:00,4839.8150000000005,4852.035000000001,4836.395,4849.755,23095
2026-04-14T03:00:00+00:00,4849.755,4850.205000000001,4839.995000000001,4842.945000000001,14902
2026-04-14T04:00:00+00:00,4842.945000000001,4851.545000000001,4841.665000000001,4848.935,8414
2026-04-14T05:00:00+00:00,4848.935,4849.025000000001,4832.825000000001,4834.8550000000005,24353
2026-04-14T06:00:00+00:00,4834.8550000000005,4857.795000000001,4834.825000000001,4856.665000000001,26979
2026-04-14T07:00:00+00:00,4856.665000000001,4871.305,4842.325000000001,4851.895,46244
2026-04-14T08:00:00+00:00,4851.895,4864.735000000001,4848.8150000000005,4861.655000000001,30875
2026-04-14T09:00:00+00:00,4861.655000000001,4864.085000000001,4846.415000000001,4852.785000000001,25265
2026-04-14T10:00:00+00:00,4852.785000000001,4862.795000000001,4826.045000000001,4843.145,31431
2026-04-14T11:00:00+00:00,4843.145,4857.885,4841.295000000001,4849.6050000000005,30828
2026-04-14T12:00:00+00:00,4849.6050000000005,4852.345,4836.8150000000005,4846.045000000001,49232
2026-04-14T13:00:00+00:00,4846.045000000001,4878.395,4845.705000000001,4869.465,88715
2026-04-14T14:00:00+00:00,4869.465,4892.825000000001,4867.615000000001,4878.595,97439
2026-04-14T15:00:00+00:00,4878.595,4891.045000000001,4865.645,4882.905000000001,73126
2026-04-14T16:00:00+00:00,4882.905000000001,4895.185,4879.835000000001,4884.805,47066
2026-04-14T17:00:00+00:00,4884.805,4916.155000000001,4884.115000000001,4909.755,52616
2026-04-14T18:00:00+00:00,4909.755,4918.255,4905.715,4910.345,43932
2026-04-14T19:00:00+00:00,4910.345,4921.115000000001,4910.345,4919.755,37411
2026-04-14T20:00:00+00:00,4919.755,4920.8550000000005,4914.245000000001,4915.505,8473
2026-04-14T22:00:00+00:00,4915.505,4925.645,4907.905,4909.625,22236.368200947218
2026-04-14T23:00:00+00:00,4909.625,4919.205,4908.445,4912.105,22573
2026-04-15T00:00:00+00:00,4912.105,4914.995,4901.975,4910.075,25415
2026-04-15T01:00:00+00:00,4910.075,4945.755,4902.865,4921.655,61051
2026-04-15T02:00:00+00:00,4921.655,4928.205,4895.335,4898.705,46110
2026-04-15T03:00:00+00:00,4898.705,4904.495,4891.655,4898.655,23971
2026-04-15T04:00:00+00:00,4898.655,4902.665,4894.895,4899.835,13972
2026-04-15T05:00:00+00:00,4899.835,4905.215,4887.175,4894.365,36993
2026-04-15T06:00:00+00:00,4894.365,4899.835,4885.775,4886.365,37321
2026-04-15T07:00:00+00:00,4886.365,4891.715,4878.535,4885.975,40336
2026-04-15T08:00:00+00:00,4885.975,4895.855,4879.305,4893.355,34062
2026-04-15T09:00:00+00:00,4893.355,4894.365,4860.715,4872.995,52477
2026-04-15T10:00:00+00:00,4872.995,4880.145,4864.705,4874.815,46177
2026-04-15T11:00:00+00:00,4874.815,4889.745,4870.405,4887.475,33761
2026-04-15T12:00:00+00:00,4887.475,4891.135,4881.605,4886.455,34557
2026-04-15T13:00:00+00:00,4886.455,4905.035,4883.015,4903.625,83256
2026-04-15T14:00:00+00:00,4903.625,4905.395,4887.905,4890.385,72619
2026-04-15T15:00:00+00:00,4890.385,4890.985,4861.555,4876.235,74843
2026-04-15T16:00:00+00:00,4876.235,4887.595,4874.695,4878.585,48814
2026-04-15T17:00:00+00:00,4878.585,4883.575,4865.405,4867.005,38433
2026-04-15T18:00:00+00:00,4867.005,4876.915,4864.635,4874.435,44323
2026-04-15T19:00:00+00:00,4874.435,4878.285,4869.255,4870.845,36894
2026-04-15T20:00:00+00:00,4870.845,4871.525,4862.235,4865.565,10217
2026-04-15T22:00:00+00:00,4865.565,4890.625,4865.565,4886.155,13815.145038647646
2026-04-15T23:00:00+00:00,4886.155,4905.525000000001,4886.095,4902.175,13023.115710158394
2026-04-16T00:00:00+00:00,4902.175,4916.415000000001,4899.015,4911.865000000001,21658
2026-04-16T01:00:00+00:00,4911.865000000001,4914.915000000001,4889.915000000001,4896.665000000001,32890
2026-04-16T02:00:00+00:00,4896.665000000001,4903.925,4891.035000000001,4898.3550000000005,24113
2026-04-16T03:00:00+00:00,4898.3550000000005,4905.8150000000005,4897.755,4902.715,15424
2026-04-16T04:00:00+00:00,4902.715,4912.475,4901.485000000001,4912.055,10486
2026-04-16T05:00:00+00:00,4912.055,4917.475,4899.775000000001,4899.945000000001,25235
2026-04-16T06:00:00+00:00,4899.945000000001,4909.685,4893.035000000001,4904.785000000001,36382
2026-04-16T07:00:00+00:00,4904.785000000001,4909.935,4895.905000000001,4900.0650000000005,36808
2026-04-16T08:00:00+00:00,4900.0650000000005,4900.905000000001,4885.185,4892.415000000001,35577
2026-04-16T09:00:00+00:00,4892.415000000001,4897.0650000000005,4885.585000000001,4891.875000000001,28567
2026-04-16T10:00:00+00:00,4891.875000000001,4896.275000000001,4884.005,4896.245000000001,24852
2026-04-16T11:00:00+00:00,4896.245000000001,4901.535000000001,4894.175,4901.185,22837
2026-04-16T12:00:00+00:00,4901.185,4902.045000000001,4890.525000000001,4895.225,32736
2026-04-16T13:00:00+00:00,4895.225,4902.945000000001,4863.135,4873.895,87465
2026-04-16T14:00:00+00:00,4873.895,4884.465,4851.005,4867.685,108823
2026-04-16T15:00:00+00:00,4867.685,4891.825000000001,4867.185,4885.885,71112
2026-04-16T16:00:00+00:00,4885.885,4889.165000000001,4864.145,4871.055,64389
2026-04-16T17:00:00+00:00,4871.055,4874.445000000001,4860.345,4868.155000000001,65853
2026-04-16T18:00:00+00:00,4868.155000000001,4873.375000000001,4864.655000000001,4868.625000000001,61277
2026-04-16T19:00:00+00:00,4868.625000000001,4877.5650000000005,4868.465,4872.325000000001,32875
2026-04-16T20:00:00+00:00,4872.325000000001,4873.0650000000005,4865.3150000000005,4868.825000000001,8948
2026-04-16T22:00:00+00:00,4868.825000000001,4879.395,4868.325000000001,4876.8550000000005,15698.66013986014
2026-04-16T23:00:00+00:00,4876.8550000000005,4879.265,4872.975,4873.045,10091
2026-04-17T00:00:00+00:00,4873.045,4882.785,4867.325,4876.385,20945
2026-04-17T01:00:00+00:00,4876.385,4877.275000000001,4848.915,4871.005,47698
2026-04-17T02:00:00+00:00,4871.005,4876.3150000000005,4865.785,4866.415,20168
2026-04-17T03:00:00+00:00,4866.415,4879.725,4866.385,4874.835,17597
2026-04-17T04:00:00+00:00,4874.835,4886.255,4874.225,4884.475,10311
2026-04-17T05:00:00+00:00,4884.475,4887.755,4875.445000000001,4875.735000000001,23298
2026-04-17T06:00:00+00:00,4875.735000000001,4877.025000000001,4860.935,4866.5650000000005,29013
2026-04-17T07:00:00+00:00,4866.5650000000005,4876.425,4860.325,4866.125,24892
2026-04-17T08:00:00+00:00,4866.125,4878.705,4862.625,4877.505,23109
2026-04-17T09:00:00+00:00,4877.505,4882.5650000000005,4871.715,4872.1050000000005,21473
2026-04-17T10:00:00+00:00,4872.1050000000005,4875.655,4863.885,4869.095,19759
2026-04-17T11:00:00+00:00,4869.095,4893.345,4865.095,4880.8150000000005,30787
2026-04-17T12:00:00+00:00,4880.8150000000005,4929.375,4879.435,4927.985000000001,86657
2026-04-17T13:00:00+00:00,4927.985000000001,4972.345,4916.535,4961.845,170196
2026-04-17T14:00:00+00:00,4961.845,4967.085,4942.445000000001,4954.805,106875
2026-04-17T15:00:00+00:00,4954.805,4962.3150000000005,4936.145,4949.095,97766
2026-04-17T16:00:00+00:00,4949.095,4955.225,4945.345,4948.755,48194
2026-04-17T17:00:00+00:00,4948.755,4951.295,4935.165,4943.86,63504.763773174534
2026-04-17T18:00:00+00:00,4943.86,4949.32,4937.17,4939.17,49224
2026-04-17T19:00:00+00:00,4939.17,4942.8099999999995,4934.0199999999995,4936,42597
2026-04-17T20:00:00+00:00,4936,4936.3,4915.48,4916.7699999999995,16386
2026-04-19T22:00:00+00:00,4916.7699999999995,4919.48,4834.11,4851.19,48043.966724337406
2026-04-19T23:00:00+00:00,4851.19,4851.419999999999,4808.589999999999,4826.909999999999,39791
2026-04-20T00:00:00+00:00,4826.909999999999,4846.65,4816.329999999999,4844.449999999999,46012
2026-04-20T01:00:00+00:00,4844.449999999999,4886.44,4843.249999999999,4879.549999999999,59349
2026-04-20T02:00:00+00:00,4879.549999999999,4881.499999999999,4865.179999999999,4869.429999999999,31409
2026-04-20T03:00:00+00:00,4869.429999999999,4870.5599999999995,4860.9,4863.129999999999,21784
2026-04-20T04:00:00+00:00,4863.129999999999,4868.03,4859.0199999999995,4861.07,14611
2026-04-20T05:00:00+00:00,4861.07,4868.32,4851.009999999999,4863.129999999999,33570
2026-04-20T06:00:00+00:00,4863.129999999999,4867.5199999999995,4856.0199999999995,4867.499999999999,41669
2026-04-20T07:00:00+00:00,4867.499999999999,4877.969999999999,4858.909999999999,4861.889999999999,45396
2026-04-20T08:00:00+00:00,4861.889999999999,4868.4,4858.169999999999,4868.28,33208
2026-04-20T09:00:00+00:00,4868.28,4870.11,4855.659999999999,4863.74,33597
2026-04-20T10:00:00+00:00,4863.74,4873.199999999999,4861.999999999999,4868.03,26059
2026-04-20T11:00:00+00:00,4868.03,4882.999999999999,4858.749999999999,4882.61,39192
2026-04-20T12:00:00+00:00,4882.61,4894.259999999999,4871.219999999999,4875.61,48474
2026-04-20T13:00:00+00:00,4875.61,4898.53,4871.7699999999995,4890.129999999999,96795
2026-04-20T14:00:00+00:00,4890.129999999999,4899.909999999999,4864.209999999999,4877.329999999999,106395
2026-04-20T15:00:00+00:00,4877.329999999999,4881.599999999999,4864.949999999999,4871.909999999999,82996
2026-04-20T16:00:00+00:00,4871.909999999999,4878.449999999999,4864.909999999999,4877.699999999999,39126
2026-04-20T17:00:00+00:00,4877.699999999999,4884.3099999999995,4875.879999999999,4878.86,34905
2026-04-20T18:00:00+00:00,4878.86,4888.73,4878.86,4886.129999999999,34513
2026-04-20T19:00:00+00:00,4886.129999999999,4893.61,4882.249999999999,4886.449999999999,27444
2026-04-20T20:00:00+00:00,4886.449999999999,4894.159999999999,4884.259999999999,4892.44,9858
2026-04-20T22:00:00+00:00,4892.44,4905.53,4889.91,4900.009999999999,25652.044170383975
2026-04-20T23:00:00+00:00,4900.009999999999,4903.92,4891.75,4894.049999999999,9640
2026-04-21T00:00:00+00:00,4894.049999999999,4902.63,4888.82,4895.86,27691
2026-04-21T01:00:00+00:00,4895.86,4896.74,4877.639999999999,4882.2,34668
2026-04-21T02:00:00+00:00,4882.2,4882.59,4874.2,4879.03,21507
2026-04-21T03:00:00+00:00,4879.03,4879.82,4864.46,4868.96,21554
2026-04-21T04:00:00+00:00,4868.96,4870.03,4860.54,4861.299999999999,14494
2026-04-21T05:00:00+00:00,4861.299999999999,4869.07,4854.83,4856.16,28059
2026-04-21T06:00:00+00:00,4856.16,4862.679999999999,4846.639999999999,4850.36,38230
2026-04-21T07:00:00+00:00,4850.36,4864.679999999999,4844.599999999999,4858.23,36763
2026-04-21T08:00:00+00:00,4858.23,4865.21,4846.7,4857.99,31142
2026-04-21T09:00:00+00:00,4857.99,4861.61,4853.03,4855.78,23885
2026-04-21T10:00:00+00:00,4855.78,4862.48,4852.71,4861.75,16908
2026-04-21T11:00:00+00:00,4861.75,4870.09,4847.03,4866.69,32296
2026-04-21T12:00:00+00:00,4866.69,4869.099999999999,4838.3099999999995,4850.79,55762
2026-04-21T13:00:00+00:00,4850.79,4866.2,4832.969999999999,4851.219999999999,99475
2026-04-21T14:00:00+00:00,4851.219999999999,4854.61,4795.21,4810.96,130709
2026-04-21T15:00:00+00:00,4810.96,4829.469999999999,4799.799999999999,4813.61,115652
2026-04-21T16:00:00+00:00,4813.61,4818.95,4779.98,4782.929999999999,72249
2026-04-21T17:00:00+00:00,4782.929999999999,4794.28,4769,4783.15,95104
2026-04-21T18:00:00+00:00,4783.15,4786.799999999999,4764.38,4781.28,79136
2026-04-21T19:00:00+00:00,4781.28,4787.19,4739.95,4751.33,113986
2026-04-21T20:00:00+00:00,4751.33,4792.65,4740.8099999999995,4791.87,61753
2026-04-21T22:00:00+00:00,4791.87,4801.02,4786.72,4791.150000000001,22973.67834655293
2026-04-21T23:00:00+00:00,4791.150000000001,4812.35,4789.67,4809.6,16616
2026-04-22T00:00:00+00:00,4809.6,4819.45,4809.6,4811.650000000001,23660
2026-04-22T01:00:00+00:00,4811.650000000001,4826.62,4807.83,4823.86,35446
2026-04-22T02:00:00+00:00,4823.86,4830.74,4821.59,4827.51,18473
2026-04-22T03:00:00+00:00,4827.51,4837.01,4824.75,4829.76,15828
2026-04-22T04:00:00+00:00,4829.76,4831.53,4823.87,4826.51,13169
2026-04-22T05:00:00+00:00,4826.51,4843.79,4823.91,4839.46,29823
2026-04-22T06:00:00+00:00,4839.46,4839.76,4830.53,4839.7,21813
2026-04-22T07:00:00+00:00,4839.7,4844.18,4831.34,4832.400000000001,22886
2026-04-22T08:00:00+00:00,4832.400000000001,4834.1900000000005,4823.62,4829.11,23956
2026-04-22T09:00:00+00:00,4829.11,4834.35,4824.18,4827.05,22405
2026-04-22T10:00:00+00:00,4827.05,4832.08,4817.49,4831.150000000001,22831
2026-04-22T11:00:00+00:00,4831.150000000001,4832.6900000000005,4819.59,4822.150000000001,23288
2026-04-22T12:00:00+00:00,4822.150000000001,4832.08,4814.47,4816.14,37371
2026-04-22T13:00:00+00:00,4816.14,4832.74,4808.14,4824.77,96130
2026-04-22T14:00:00+00:00,4824.77,4829.400000000001,4801.63,4807.79,86948
2026-04-22T15:00:00+00:00,4807.79,4812.11,4796.62,4799.31,65356
2026-04-22T16:00:00+00:00,4799.31,4806.89,4795.67,4800.36,41673
2026-04-22T17:00:00+00:00,4800.36,4811.45,4800.27,4809.08,37275
2026-04-22T18:00:00+00:00,4809.08,4821.82,4801.650000000001,4813.63,28078
2026-04-22T19:00:00+00:00,4813.63,4817.37,4808.67,4811.85,33710
2026-04-22T20:00:00+00:00,4811.85,4812.650000000001,4806.34,4809.78,12947
2026-04-22T22:00:00+00:00,4809.78,4820.86,4799.99,4800.509999999999,18772.02116852379
2026-04-22T23:00:00+00:00,4800.509999999999,4804.424999999999,4797.7,4802.134999999999,11338.326992555289
2026-04-23T00:00:00+00:00,4802.134999999999,4827.804999999999,4768.364999999999,4822.254999999999,82859
2026-04-23T01:00:00+00:00,4822.254999999999,4824.384999999999,4796.794999999999,4797.634999999999,50255
2026-04-23T02:00:00+00:00,4797.634999999999,4799.275,4772.355,4773.1849999999995,62484
2026-04-23T03:00:00+00:00,4773.1849999999995,4783.074999999999,4772.384999999999,4778.424999999999,44813
2026-04-23T04:00:00+00:00,4778.424999999999,4781.554999999999,4772.945,4778.775,17873
2026-04-23T05:00:00+00:00,4778.775,4789.6849999999995,4766.224999999999,4787.994999999999,38706
2026-04-23T06:00:00+00:00,4787.994999999999,4796.105,4782.884999999999,4787.445,36927
2026-04-23T07:00:00+00:00,4787.445,4794.985,4777.504999999999,4793.624999999999,44935
2026-04-23T08:00:00+00:00,4793.624999999999,4799.424999999999,4775.974999999999,4777.654999999999,37194
2026-04-23T09:00:00+00:00,4777.654999999999,4778.164999999999,4769.025,4771.994999999999,36814
2026-04-23T10:00:00+00:00,4771.994999999999,4776.044999999999,4758.544999999999,4770.904999999999,40268
2026-04-23T11:00:00+00:00,4770.904999999999,4795.374999999999,4769.554999999999,4795.034999999999,40372
2026-04-23T12:00:00+00:00,4795.034999999999,4817.594999999999,4793.964999999999,4814.4349999999995,74833
2026-04-23T13:00:00+00:00,4814.4349999999995,4815.6449999999995,4797.985,4798.704999999999,78571
2026-04-23T14:00:00+00:00,4798.704999999999,4810.994999999999,4791.554999999999,4807.844999999999,94781
2026-04-23T15:00:00+00:00,4807.844999999999,4815.445,4790.605,4794.874999999999,67664
2026-04-23T16:00:00+00:00,4794.874999999999,4811.504999999999,4789.884999999999,4807.404999999999,45470
2026-04-23T17:00:00+00:00,4807.404999999999,4809.004999999999,4738.284999999999,4783.704999999999,191963
2026-04-23T18:00:00+00:00,4783.704999999999,4796.704999999999,4773.364999999999,4775.264999999999,108873
2026-04-23T19:00:00+00:00,4775.264999999999,4778.985,4763.754999999999,4770.374999999999,78956
2026-04-23T20:00:00+00:00,4770.374999999999,4772.664999999999,4760.8949999999995,4766.864999999999,22291
2026-04-23T22:00:00+00:00,4766.864999999999,4771.695,4761.955,4765.195,16789.053278725416
2026-04-23T23:00:00+00:00,4765.195,4772.6849999999995,4758.6449999999995,4767.125,19749
2026-04-24T00:00:00+00:00,4767.125,4779.675,4762.865,4776.815,47267
2026-04-24T01:00:00+00:00,4776.815,4783.345,4762.245,4771.725,56690
2026-04-24T02:00:00+00:00,4771.725,4772.6849999999995,4744.885,4748.725,49959
2026-04-24T03:00:00+00:00,4748.725,4750.545,4740.695,4744.155,33729
2026-04-24T04:00:00+00:00,4744.155,4749.195,4729.8949999999995,4746.725,29114
2026-04-24T05:00:00+00:00,4746.725,4759.6849999999995,4741.695,4758.625,35123
2026-04-24T06:00:00+00:00,4758.625,4760.335,4739.075,4743.9349999999995,41242
2026-04-24T07:00:00+00:00,4743.9349999999995,4767.295,4743.045,4766.545,30150
2026-04-24T08:00:00+00:00,4766.545,4769.605,4757.055,4762.965,38686
2026-04-24T09:00:00+00:00,4762.965,4768.925,4751.335,4754.125,35047
2026-04-24T10:00:00+00:00,4754.125,4758.295,4746.575,4749.915,28515
2026-04-24T11:00:00+00:00,4749.915,4789.615,4749.915,4779.095,90644
2026-04-24T12:00:00+00:00,4779.095,4783.985,4762.455,4772.795,60428
2026-04-24T13:00:00+00:00,4772.795,4789.655,4761.805,4783.665,102687
2026-04-24T14:00:00+00:00,4783.665,4812.625,4779.055,4798.555,124328
2026-04-24T15:00:00+00:00,4798.555,4805.615,4786.865,4799.255,102445
2026-04-24T16:00:00+00:00,4799.255,4801.885,4791.175,4798.975,60209
2026-04-24T17:00:00+00:00,4798.975,4802.195,4791.175,4795.570000000001,47088.83641746462
2026-04-24T18:00:00+00:00,4795.570000000001,4797.160000000001,4789.080000000001,4795.02,34350
2026-04-24T19:00:00+00:00,4795.02,4798.330000000001,4785.7300000000005,4788.330000000001,32504
2026-04-24T20:00:00+00:00,4788.330000000001,4789.7300000000005,4777.280000000001,4779.64,8729
2026-04-26T22:00:00+00:00,4779.64,4783.31,4743.79,4748.29,29886.04130964547
2026-04-26T23:00:00+00:00,4748.29,4748.81,4738.78,4744.08,19046
2026-04-27T00:00:00+00:00,4744.08,4762.18,4735.85,4761.76,33173
2026-04-27T01:00:00+00:00,4761.76,4773.83,4755.01,4766.650000000001,66306
2026-04-27T02:00:00+00:00,4766.650000000001,4787.32,4760.25,4782.1900000000005,40525
2026-04-27T03:00:00+00:00,4782.1900000000005,4793.62,4778.150000000001,4788.08,27968
2026-04-27T04:00:00+00:00,4788.08,4793.92,4786.58,4788.9800000000005,14965
2026-04-27T05:00:00+00:00,4788.9800000000005,4789.59,4772.6,4774.28,27458
2026-04-27T06:00:00+00:00,4774.28,4779.7300000000005,4773.26,4776.75,33898
2026-04-27T07:00:00+00:00,4776.75,4782.34,4773.860000000001,4777.4400000000005,37180
2026-04-27T08:00:00+00:00,4777.4400000000005,4778.6900000000005,4769.5,4770.84,39114
2026-04-27T09:00:00+00:00,4770.84,4772.32,4763.34,4767.67,28023
2026-04-27T10:00:00+00:00,4767.67,4775.06,4763.58,4772.79,23026
2026-04-27T11:00:00+00:00,4772.79,4773.1900000000005,4764.150000000001,4768.91,28553
2026-04-27T12:00:00+00:00,4768.91,4776.54,4761.03,4763.33,49660
2026-04-27T13:00:00+00:00,4763.33,4767.64,4753,4760.1,89162
2026-04-27T14:00:00+00:00,4760.1,4760.85,4740.59,4742.2,95625
2026-04-27T15:00:00+00:00,4742.2,4746.66,4731.16,4733.99,78620
2026-04-27T16:00:00+00:00,4733.99,4743.72,4731.28,4740.82,38783
2026-04-27T17:00:00+00:00,4740.82,4750.27,4732.4400000000005,4746.18,43548
2026-04-27T18:00:00+00:00,4746.18,4749.6,4742.900000000001,4744.72,27684
2026-04-27T19:00:00+00:00,4744.72,4746.78,4740.64,4744.92,25398
2026-04-27T20:00:00+00:00,4744.92,4746.38,4741.360000000001,4746.06,8119
2026-04-27T22:00:00+00:00,4746.06,4754.4,4744.400000000001,4751.24,15547.229377781987
2026-04-27T23:00:00+00:00,4751.24,4758.53,4750.12,4754.89,10148
2026-04-28T00:00:00+00:00,4754.89,4764.62,4753.61,4753.85,24112
2026-04-28T01:00:00+00:00,4753.85,4754.86,4732.28,4733.5199999999995,42818
2026-04-28T02:00:00+00:00,4733.5199999999995,4743.08,4729.48,4732.45,31769
2026-04-28T03:00:00+00:00,4732.45,4739.15,4731.29,4734.35,19733
2026-04-28T04:00:00+00:00,4734.35,4734.67,4729.6,4730.99,12776
2026-04-28T05:00:00+00:00,4730.99,4731.35,4686.79,4695.54,57610
2026-04-28T06:00:00+00:00,4695.54,4706.24,4686.44,4692.28,54526
2026-04-28T07:00:00+00:00,4692.28,4702.53,4683.85,4696.21,50073
2026-04-28T08:00:00+00:00,4696.21,4698.68,4677.66,4692.81,56154
2026-04-28T09:00:00+00:00,4692.81,4693.35,4667.83,4668.13,54865
2026-04-28T10:00:00+00:00,4668.13,4679.73,4666.42,4666.47,38916
2026-04-28T11:00:00+00:00,4666.47,4672.17,4618.58,4625.78,81862
2026-04-28T12:00:00+00:00,4625.78,4663.38,4618.11,4656.63,93655
2026-04-28T13:00:00+00:00,4656.63,4657.59,4634.08,4643.61,139746
2026-04-28T14:00:00+00:00,4643.61,4643.83,4620.36,4637.68,149132
2026-04-28T15:00:00+00:00,4637.68,4649.65,4630.16,4649.53,110840
2026-04-28T16:00:00+00:00,4649.53,4657.98,4640.98,4655.5,64209
2026-04-28T17:00:00+00:00,4655.5,4664.68,4650.34,4658.04,48606
2026-04-28T18:00:00+00:00,4658.04,4663.89,4655.16,4657.61,39789
2026-04-28T19:00:00+00:00,4657.61,4663.34,4656.5,4658.68,35390
2026-04-28T20:00:00+00:00,4658.68,4661.94,4654.36,4658.89,15891
2026-04-28T22:00:00+00:00,4658.89,4664.84,4657.78,4659.82,10367.267944421634
2026-04-28T23:00:00+00:00,4659.82,4661.87,4653.139999999999,4661.34,12830
2026-04-29T00:00:00+00:00,4661.34,4675.99,4660.37,4666.01,31896
2026-04-29T01:00:00+00:00,4666.01,4666.23,4641.37,4650.469999999999,68972
2026-04-29T02:00:00+00:00,4650.469999999999,4669.92,4650.23,4659.41,38327
2026-04-29T03:00:00+00:00,4659.41,4668.82,4657.7,4661.4,23103
2026-04-29T04:00:00+00:00,4661.4,4671.46,4660.88,4670.679999999999,14658
2026-04-29T05:00:00+00:00,4670.679999999999,4673.4,4656.469999999999,4656.87,25378
2026-04-29T06:00:00+00:00,4656.87,4664.38,4646.48,4650.15,41901
2026-04-29T07:00:00+00:00,4650.15,4654.67,4632.98,4633.46,51384
2026-04-29T08:00:00+00:00,4633.46,4642.42,4622.91,4638.849999999999,54481
2026-04-29T09:00:00+00:00,4638.849999999999,4646.53,4617.16,4621.429999999999,49654
2026-04-29T10:00:00+00:00,4621.429999999999,4642.29,4620.73,4635.48,35814
2026-04-29T11:00:00+00:00,4635.48,4637.849999999999,4624.79,4627.33,42666
2026-04-29T12:00:00+00:00,4627.33,4634.73,4606.95,4610.599999999999,53821
2026-04-29T13:00:00+00:00,4610.599999999999,4619.0599999999995,4575.71,4587.389999999999,118480
2026-04-29T14:00:00+00:00,4587.389999999999,4608.46,4583.16,4605.12,113197
2026-04-29T15:00:00+00:00,4605.12,4624.63,4601.8099999999995,4613.3,106295
2026-04-29T16:00:00+00:00,4613.3,4630.67,4608.98,4611.13,77583
2026-04-29T17:00:00+00:00,4611.13,4620.2,4607.24,4612.34,66468
2026-04-29T18:00:00+00:00,4612.34,4617.375,4582.884999999999,4602.865,131021.52799808822
2026-04-29T19:00:00+00:00,4602.865,4615.485,4597.974999999999,4611.745,81521
2026-04-29T20:00:00+00:00,4611.745,4618.4349999999995,4605.884999999999,4609.065,52470
2026-04-29T22:00:00+00:00,4609.065,4614.685,4601.085,4613.825,18984.653422823314
2026-04-29T23:00:00+00:00,4613.825,4624.205,4611.425,4623.655,15966
2026-04-30T00:00:00+00:00,4623.655,4636.265,4618.425,4631.965,52679
2026-04-30T01:00:00+00:00,4631.965,4644.515,4626.645,4641.145,52450
2026-04-30T02:00:00+00:00,4641.145,4644.045,4621.995,4627.055,44524
2026-04-30T03:00:00+00:00,4627.055,4631.205,4617.615,4617.965,29745
2026-04-30T04:00:00+00:00,4617.965,4619.205,4602.845,4604.045,35895
2026-04-30T05:00:00+00:00,4604.045,4631.825,4603.835,4624.715,39796
2026-04-30T06:00:00+00:00,4624.715,4653.635,4622.155,4651.535,54336
2026-04-30T07:00:00+00:00,4651.535,4667.595,4646.775,4660.575,47707
2026-04-30T08:00:00+00:00,4660.575,4691.715,4659.385,4678.385,66216
2026-04-30T09:00:00+00:00,4678.385,4693.995,4676.325,4687.275,56683
2026-04-30T10:00:00+00:00,4687.275,4708.975,4685.655,4701.695,61182
2026-04-30T11:00:00+00:00,4701.695,4707.835,4688.875,4692.255,66189
2026-04-30T12:00:00+00:00,4692.255,4702.175,4686.195,4701.645,56174
2026-04-30T13:00:00+00:00,4701.645,4708.115,4672.565,4672.825,111732
2026-04-30T14:00:00+00:00,4672.825,4688.065,4671.155,4681.815,157679
2026-04-30T15:00:00+00:00,4681.815,4687.625,4673.405,4677.485,83002
2026-04-30T16:00:00+00:00,4677.485,4679.845,4667.395,4669.715,45812
2026-04-30T17:00:00+00:00,4669.715,4683.875,4669.525,4678.985,45877
2026-04-30T18:00:00+00:00,4678.985,4687.295,4678.785,4684.485,33121
2026-04-30T19:00:00+00:00,4684.485,4689.495,4676.445,4679.305,42955
2026-04-30T20:00:00+00:00,4679.305,4684.655,4677.565,4683.845,22448
2026-04-30T22:00:00+00:00,4683.845,4688.875,4674.835000000001,4685.985000000001,17769.04892302154
2026-04-30T23:00:00+00:00,4685.985000000001,4690.0650000000005,4682.155000000001,4682.395,12156
2026-05-01T00:00:00+00:00,4682.395,4686.895,4674.135,4675.425,27579
2026-05-01T01:00:00+00:00,4675.425,4678.085,4669.755,4676.795,17588
2026-05-01T02:00:00+00:00,4676.795,4692.085,4672.185,4675.165,18373
2026-05-01T03:00:00+00:00,4675.165,4687.945000000001,4673.455000000001,4682.445000000001,14927
2026-05-01T04:00:00+00:00,4682.445000000001,4684.5650000000005,4664.715,4664.895,16721
2026-05-01T05:00:00+00:00,4664.895,4672.045,4658.705000000001,4660.645,17314
2026-05-01T06:00:00+00:00,4660.645,4663.825000000001,4646.495000000001,4650.555,34846
2026-05-01T07:00:00+00:00,4650.555,4654.015,4631.775000000001,4634.005,34527
2026-05-01T08:00:00+00:00,4634.005,4638.405000000001,4620.645,4624.8550000000005,29208
2026-05-01T09:00:00+00:00,4624.8550000000005,4628.895,4615.945000000001,4618.655000000001,23819
2026-05-01T10:00:00+00:00,4618.655000000001,4632.025000000001,4617.225,4622.8150000000005,19092
2026-05-01T11:00:00+00:00,4622.8150000000005,4635.495000000001,4618.3150000000005,4634.665,29665
2026-05-01T12:00:00+00:00,4634.665,4663.765,4630.805,4646.805,58020
2026-05-01T13:00:00+00:00,4646.805,4684.695000000001,4642.375,4681.155000000001,83624
2026-05-01T14:00:00+00:00,4681.155000000001,4716.265,4679.585,4688.015,133912
2026-05-01T15:00:00+00:00,4688.015,4703.795,4674.755,4699.045,83043
2026-05-01T16:00:00+00:00,4699.045,4705.825000000001,4689.575000000001,4694.6050000000005,72209
2026-05-01T17:00:00+00:00,4694.6050000000005,4698.595,4682.635,4685.160000000002,40381.57635659311
2026-05-01T18:00:00+00:00,4685.160000000002,4686.4000000000015,4669.390000000001,4680.130000000001,48851
2026-05-01T19:00:00+00:00,4680.130000000001,4683.490000000002,4664.520000000001,4666.560000000001,40136
2026-05-01T20:00:00+00:00,4666.560000000001,4671.480000000001,4662.560000000001,4669.060000000001,9957
2026-05-03T22:00:00+00:00,4669.060000000001,4669.890000000001,4650.460000000001,4658.920000000002,28852.553176402063
2026-05-03T23:00:00+00:00,4658.920000000002,4660.990000000002,4651.300000000001,4653.880000000002,26761
2026-05-04T00:00:00+00:00,4653.880000000002,4656.700000000002,4641.9000000000015,4653.1100000000015,37697
2026-05-04T01:00:00+00:00,4653.1100000000015,4654.290000000002,4632.830000000002,4653.220000000001,32177
2026-05-04T02:00:00+00:00,4653.220000000001,4659.010000000001,4631.1100000000015,4646.000000000002,28532
2026-05-04T03:00:00+00:00,4646.000000000002,4657.450000000002,4638.550000000001,4655.370000000002,27028
2026-05-04T04:00:00+00:00,4655.370000000002,4655.8600000000015,4645.460000000002,4646.300000000001,18508
2026-05-04T05:00:00+00:00,4646.300000000001,4653.180000000001,4632.3200000000015,4639.210000000002,33203
2026-05-04T06:00:00+00:00,4639.210000000002,4641.000000000002,4624.1100000000015,4628.960000000002,42198
2026-05-04T07:00:00+00:00,4628.960000000002,4633.760000000001,4617.800000000001,4619.350000000001,41279
2026-05-04T08:00:00+00:00,4619.350000000001,4621.740000000002,4613.840000000002,4617.290000000002,39152
2026-05-04T09:00:00+00:00,4617.290000000002,4624.910000000002,4611.950000000002,4615.730000000001,21978
2026-05-04T10:00:00+00:00,4615.730000000001,4616.220000000001,4566.410000000002,4602.9000000000015,112577
2026-05-04T11:00:00+00:00,4602.9000000000015,4611.010000000001,4591.430000000001,4600.6100000000015,60923
2026-05-04T12:00:00+00:00,4600.6100000000015,4619.590000000002,4599.270000000001,4608.540000000002,59119
2026-05-04T13:00:00+00:00,4608.540000000002,4616.4000000000015,4595.6500000000015,4604.010000000001,108301
2026-05-04T14:00:00+00:00,4604.010000000001,4623.480000000001,4593.480000000001,4601.8200000000015,107949
2026-05-04T15:00:00+00:00,4601.8200000000015,4606.410000000002,4552.630000000002,4561.790000000002,163025
2026-05-04T16:00:00+00:00,4561.790000000002,4567.210000000002,4540.770000000001,4550.960000000002,112269
2026-05-04T17:00:00+00:00,4550.960000000002,4571.850000000001,4550.960000000002,4562.5700000000015,66940
2026-05-04T18:00:00+00:00,4562.5700000000015,4565.690000000001,4550.080000000002,4556.490000000002,42983
2026-05-04T19:00:00+00:00,4556.490000000002,4567.550000000001,4551.550000000001,4557.8200000000015,53071
2026-05-04T20:00:00+00:00,4557.8200000000015,4563.8200000000015,4551.8600000000015,4562.140000000001,12210
2026-05-04T22:00:00+00:00,4562.140000000001,4563.550000000001,4554.440000000001,4556.370000000002,11731.068363691793
2026-05-04T23:00:00+00:00,4556.370000000002,4560.830000000002,4554.8600000000015,4558.260000000001,9098
2026-05-05T00:00:00+00:00,4558.260000000001,4569.520000000001,4552.330000000002,4568.800000000001,25905
2026-05-05T01:00:00+00:00,4568.800000000001,4581.230000000001,4564.390000000001,4580.220000000001,26195
2026-05-05T02:00:00+00:00,4580.220000000001,4586.010000000001,4573.5700000000015,4578.230000000001,16520
2026-05-05T03:00:00+00:00,4578.230000000001,4581.920000000001,4571.440000000001,4573.810000000001,11752
2026-05-05T04:00:00+00:00,4573.810000000001,4575.670000000001,4567.010000000001,4572.8200000000015,12606
2026-05-05T05:00:00+00:00,4572.8200000000015,4590.920000000001,4570.280000000002,4584.940000000001,23862
2026-05-05T06:00:00+00:00,4584.940000000001,4591.060000000001,4572.780000000002,4587.270000000001,33850
2026-05-05T07:00:00+00:00,4587.270000000001,4597.490000000002,4582.510000000001,4584.810000000001,35881
2026-05-05T08:00:00+00:00,4584.810000000001,4598.6500000000015,4584.600000000001,4597.520000000001,34232
2026-05-05T09:00:00+00:00,4597.520000000001,4599.620000000002,4590.130000000001,4595.310000000001,26622
2026-05-05T10:00:00+00:00,4595.310000000001,4596.060000000001,4579.340000000001,4582.890000000001,25908
2026-05-05T11:00:00+00:00,4582.890000000001,4604.130000000001,4578.980000000001,4602.040000000002,40981
2026-05-05T12:00:00+00:00,4602.040000000002,4613.430000000001,4593.300000000001,4603.530000000002,51504
2026-05-05T13:00:00+00:00,4603.530000000002,4624.180000000001,4603.490000000002,4618.060000000001,70495
2026-05-05T14:00:00+00:00,4618.060000000001,4625.9000000000015,4604.800000000001,4621.560000000001,82696
2026-05-05T15:00:00+00:00,4621.560000000001,4623.010000000001,4607.450000000002,4607.660000000002,48792
2026-05-05T16:00:00+00:00,4607.660000000002,4608.200000000002,4592.750000000002,4600.380000000001,39677
2026-05-05T17:00:00+00:00,4600.380000000001,4601.880000000001,4592.380000000001,4599.060000000001,31074
2026-05-05T18:00:00+00:00,4599.060000000001,4605.000000000002,4596.710000000002,4600.080000000002,23347
2026-05-05T19:00:00+00:00,4600.080000000002,4600.760000000001,4590.660000000002,4594.100000000001,24230
2026-05-05T20:00:00+00:00,4594.100000000001,4599.270000000001,4593.0700000000015,4595.690000000001,10691
2026-05-05T22:00:00+00:00,4595.690000000001,4615.450000000001,4584.530000000001,4611.890000000001,24843.33256270585
2026-05-05T23:00:00+00:00,4611.890000000001,4634.2300000000005,4607.800000000001,4632.56,31875
2026-05-06T00:00:00+00:00,4632.56,4658.550000000001,4626.530000000001,4657.1900000000005,40330
2026-05-06T01:00:00+00:00,4657.1900000000005,4667.390000000001,4647.930000000001,4664.340000000001,42771
2026-05-06T02:00:00+00:00,4664.340000000001,4680.430000000001,4663.680000000001,4679.490000000001,24995
2026-05-06T03:00:00+00:00,4679.490000000001,4690.610000000001,4676.920000000001,4682.120000000001,22853
2026-05-06T04:00:00+00:00,4682.120000000001,4692.110000000001,4681.81,4687.630000000001,19747
2026-05-06T05:00:00+00:00,4687.630000000001,4702.470000000001,4683.010000000001,4701.670000000001,25303
2026-05-06T06:00:00+00:00,4701.670000000001,4708.410000000001,4695.550000000001,4707.850000000001,36119
2026-05-06T07:00:00+00:00,4707.850000000001,4720.430000000001,4695.880000000001,4719.850000000001,34938
2026-05-06T08:00:00+00:00,4719.850000000001,4741.540000000001,4710.250000000001,4738.7300000000005,54309
2026-05-06T09:00:00+00:00,4738.7300000000005,4747.100000000001,4727.620000000001,4740.210000000001,63260
2026-05-06T10:00:00+00:00,4740.210000000001,4761.670000000001,4733.990000000001,4756.370000000001,66174
2026-05-06T11:00:00+00:00,4756.370000000001,4759.860000000001,4729.4800000000005,4730.410000000001,71610
2026-05-06T12:00:00+00:00,4730.410000000001,4731.620000000001,4698.790000000001,4721.620000000001,82899
2026-05-06T13:00:00+00:00,4721.620000000001,4746.240000000001,4707.320000000001,4740.630000000001,107537
2026-05-06T14:00:00+00:00,4740.630000000001,4756.070000000001,4736.140000000001,4741.640000000001,105356
2026-05-06T15:00:00+00:00,4741.640000000001,4744.370000000001,4726.280000000001,4726.280000000001,65688
2026-05-06T16:00:00+00:00,4726.280000000001,4730.630000000001,4718.070000000001,4721.590000000001,56190
2026-05-06T17:00:00+00:00,4721.590000000001,4726.640000000001,4717.56,4722.6900000000005,38126
2026-05-06T18:00:00+00:00,4722.6900000000005,4729.140000000001,4720.410000000001,4724.670000000001,25173
2026-05-06T19:00:00+00:00,4724.670000000001,4738.710000000001,4724.56,4731.06,31141
2026-05-06T20:00:00+00:00,4731.06,4738.120000000001,4723.750000000001,4729.6900000000005,16910
2026-05-06T22:00:00+00:00,4729.6900000000005,4740.410000000001,4728.4400000000005,4735.170000000001,17935.49043324643
2026-05-06T23:00:00+00:00,4735.170000000001,4739.775,4730.335,4739.3949999999995,14687.190893503524
2026-05-07T00:00:00+00:00,4739.3949999999995,4741.554999999999,4725.514999999999,4729.045,38176
2026-05-07T01:00:00+00:00,4729.045,4761.8949999999995,4725.304999999999,4755.175,49327
2026-05-07T02:00:00+00:00,4755.175,4759.035,4739.835,4747.3949999999995,31182
2026-05-07T03:00:00+00:00,4747.3949999999995,4750.045,4739.355,4739.605,19304
2026-05-07T04:00:00+00:00,4739.605,4741.344999999999,4732.405,4736.835,15857
2026-05-07T05:00:00+00:00,4736.835,4746.965,4734.764999999999,4741.4349999999995,21126
2026-05-07T06:00:00+00:00,4741.4349999999995,4790.295,4741.195,4779.605,46247
2026-05-07T07:00:00+00:00,4779.605,4790.974999999999,4771.785,4783.575,57779
2026-05-07T08:00:00+00:00,4783.575,4793.804999999999,4770.925,4771.365,47406
2026-05-07T09:00:00+00:00,4771.365,4779.764999999999,4762.014999999999,4769.495,35322
2026-05-07T10:00:00+00:00,4769.495,4780.035,4766.865,4776.005,30073
2026-05-07T11:00:00+00:00,4776.005,4784.065,4767.545,4783.105,35262
2026-05-07T12:00:00+00:00,4783.105,4792.995,4773.195,4790.514999999999,53858
2026-05-07T13:00:00+00:00,4790.514999999999,4798.465,4771.465,4786.465,94189
2026-05-07T14:00:00+00:00,4786.465,4803.745,4781.155,4802.9349999999995,77777
2026-05-07T15:00:00+00:00,4802.9349999999995,4805.1449999999995,4766.665,4769.495,93244
2026-05-07T16:00:00+00:00,4769.495,4769.985,4744.445,4755.405,111639
2026-05-07T17:00:00+00:00,4755.405,4759.985,4728.165,4751.795,122341
2026-05-07T18:00:00+00:00,4751.795,4756.495,4735.775,4749.915,97338
2026-05-07T19:00:00+00:00,4749.915,4753.315,4738.045,4743.215,84759
2026-05-07T20:00:00+00:00,4743.215,4759.365,4724.945,4725.865,46163
2026-05-07T22:00:00+00:00,4725.865,4746.615,4722.515,4732.635,29029.20449319877
2026-05-07T23:00:00+00:00,4732.635,4752.615,4731.375,4751.275000000001,16929
2026-05-08T00:00:00+00:00,4751.275000000001,4756.525000000001,4740.975,4748.375,39192
2026-05-08T01:00:00+00:00,4748.375,4772.655000000001,4747.665,4769.875,49060
2026-05-08T02:00:00+00:00,4769.875,4779.825,4753.885,4760.6050000000005,45247
2026-05-08T03:00:00+00:00,4760.6050000000005,4778.155000000001,4758.165,4766.645,26988
2026-05-08T04:00:00+00:00,4766.645,4770.415,4755.8150000000005,4758.235000000001,22735
2026-05-08T05:00:00+00:00,4758.235000000001,4778.235000000001,4756.385,4774.435,34509
2026-05-08T06:00:00+00:00,4774.435,4781.785,4759.465,4772.665,52063
2026-05-08T07:00:00+00:00,4772.665,4773.575,4743.805,4754.8550000000005,55893
2026-05-08T08:00:00+00:00,4754.8550000000005,4770.685,4753.665,4762.785,38697
2026-05-08T09:00:00+00:00,4762.785,4769.985000000001,4754.535,4758.895,32797
2026-05-08T10:00:00+00:00,4758.895,4775.115,4758.095,4766.785,27310
2026-05-08T11:00:00+00:00,4766.785,4774.485000000001,4760.735000000001,4764.8550000000005,31844
2026-05-08T12:00:00+00:00,4764.8550000000005,4779.1050000000005,4749.8550000000005,4771.375,72838
2026-05-08T13:00:00+00:00,4771.375,4794.905000000001,4763.125,4794.685,94911
2026-05-08T14:00:00+00:00,4794.685,4796.595,4760.425,4762.985000000001,109257
2026-05-08T15:00:00+00:00,4762.985000000001,4768.055,4749.085,4754.225,81918
2026-05-08T16:00:00+00:00,4754.225,4767.405000000001,4752.645,4759.635,42909
2026-05-08T17:00:00+00:00,4759.635,4769.704999999999,4759.335,4767.704999999999,28531.005390302023
2026-05-08T18:00:00+00:00,4767.704999999999,4775.924999999999,4766.804999999999,4768.905,32107
2026-05-08T19:00:00+00:00,4768.905,4773.855,4767.804999999999,4771.025,24288
2026-05-08T20:00:00+00:00,4771.025,4771.204999999999,4761.865,4762.905,6017
2026-05-10T22:00:00+00:00,4762.905,4777.445,4738.934999999999,4752.244999999999,32890.09074635086
2026-05-10T23:00:00+00:00,4752.244999999999,4759.254999999999,4748.784999999999,4752.104999999999,18159
2026-05-11T00:00:00+00:00,4752.104999999999,4753.844999999999,4730.254999999999,4743.594999999999,44299
2026-05-11T01:00:00+00:00,4743.594999999999,4766.044999999999,4734.704999999999,4745.874999999999,72469
2026-05-11T02:00:00+00:00,4745.874999999999,4760.684999999999,4736.894999999999,4742.184999999999,38300
2026-05-11T03:00:00+00:00,4742.184999999999,4750.904999999999,4735.744999999999,4738.924999999999,26255
2026-05-11T04:00:00+00:00,4738.924999999999,4740.264999999999,4728.664999999999,4732.424999999999,20963
2026-05-11T05:00:00+00:00,4732.424999999999,4741.284999999999,4708.094999999999,4712.604999999999,36638
2026-05-11T06:00:00+00:00,4712.604999999999,4740.914999999999,4709.634999999999,4738.964999999999,40414
2026-05-11T07:00:00+00:00,4738.964999999999,4740.784999999999,4724.554999999999,4728.054999999999,27264
2026-05-11T08:00:00+00:00,4728.054999999999,4739.184999999999,4724.594999999999,4728.104999999999,31185
2026-05-11T09:00:00+00:00,4728.104999999999,4730.504999999999,4710.884999999999,4717.354999999999,27632
2026-05-11T10:00:00+00:00,4717.354999999999,4727.964999999999,4716.814999999999,4724.484999999999,24892
2026-05-11T11:00:00+00:00,4724.484999999999,4737.764999999999,4724.414999999999,4734.984999999999,28318
2026-05-11T12:00:00+00:00,4734.984999999999,4761.514999999999,4727.784999999999,4760.524999999999,57708
2026-05-11T13:00:00+00:00,4760.524999999999,4809.014999999999,4759.034999999999,4796.174999999999,97304
2026-05-11T14:00:00+00:00,4796.174999999999,4798.604999999999,4775.424999999999,4785.954999999999,83452
2026-05-11T15:00:00+00:00,4785.954999999999,4798.694999999999,4783.204999999999,4792.474999999999,52192
2026-05-11T16:00:00+00:00,4792.474999999999,4794.084999999999,4768.334999999999,4776.794999999999,48565
2026-05-11T17:00:00+00:00,4776.794999999999,4785.124999999999,4776.294999999999,4784.184999999999,33423
2026-05-11T18:00:00+00:00,4784.184999999999,4789.794999999999,4781.404999999999,4785.344999999999,27050
2026-05-11T19:00:00+00:00,4785.344999999999,4796.674999999999,4782.834999999999,4794.074999999999,29124
2026-05-11T20:00:00+00:00,4794.074999999999,4798.984999999999,4790.204999999999,4795.714999999999,10352
2026-05-11T22:00:00+00:00,4795.714999999999,4819.194999999999,4794.284999999999,4814.794999999999,19180.193487030818
2026-05-11T23:00:00+00:00,4814.794999999999,4834.1849999999995,4809.754999999999,4831.124999999999,25900
2026-05-12T00:00:00+00:00,4831.124999999999,4837.454999999999,4812.314999999999,4813.144999999999,46624
2026-05-12T01:00:00+00:00,4813.144999999999,4819.384999999999,4784.084999999999,4791.014999999999,78897
2026-05-12T02:00:00+00:00,4791.014999999999,4797.854999999999,4785.884999999999,4794.024999999999,49521
2026-05-12T03:00:00+00:00,4794.024999999999,4797.344999999999,4781.554999999999,4784.154999999999,30777
2026-05-12T04:00:00+00:00,4784.154999999999,4794.384999999999,4774.534999999999,4777.884999999999,25488
2026-05-12T05:00:00+00:00,4777.884999999999,4786.204999999999,4772.494999999999,4777.844999999999,40626
2026-05-12T06:00:00+00:00,4777.844999999999,4777.9349999999995,4758.384999999999,4760.804999999999,52115
2026-05-12T07:00:00+00:00,4760.804999999999,4767.6849999999995,4750.454999999999,4763.664999999999,42750
2026-05-12T08:00:00+00:00,4763.664999999999,4770.704999999999,4760.974999999999,4767.214999999999,34905
2026-05-12T09:00:00+00:00,4767.214999999999,4769.054999999999,4757.974999999999,4763.374999999999,32596
2026-05-12T10:00:00+00:00,4763.374999999999,4772.414999999999,4748.364999999999,4758.354999999999,34347
2026-05-12T11:00:00+00:00,4758.354999999999,4773.124999999999,4750.884999999999,4770.354999999999,40773
2026-05-12T12:00:00+00:00,4770.354999999999,4775.354999999999,4753.224999999999,4769.504999999999,61461
2026-05-12T13:00:00+00:00,4769.504999999999,4772.724999999999,4740.454999999999,4743.064999999999,107933
2026-05-12T14:00:00+00:00,4743.064999999999,4758.844999999999,4732.954999999999,4736.804999999999,102782
2026-05-12T15:00:00+00:00,4736.804999999999,4739.984999999999,4701.784999999999,4729.894999999999,104357
2026-05-12T16:00:00+00:00,4729.894999999999,4738.954999999999,4728.104999999999,4735.094999999999,51205
2026-05-12T17:00:00+00:00,4735.094999999999,4746.1849999999995,4735.064999999999,4742.724999999999,37722
2026-05-12T18:00:00+00:00,4742.724999999999,4762.004999999999,4739.844999999999,4759.774999999999,44925
2026-05-12T19:00:00+00:00,4759.774999999999,4779.674999999999,4759.774999999999,4779.494999999999,34929
2026-05-12T20:00:00+00:00,4779.494999999999,4783.314999999999,4775.804999999999,4778.174999999999,15135
2026-05-12T22:00:00+00:00,4778.174999999999,4787.714999999999,4777.065,4782.174999999999,16377.134426229508
2026-05-12T23:00:00+00:00,4782.174999999999,4789.294999999999,4779.945,4782.4349999999995,24306
2026-05-13T00:00:00+00:00,4782.4349999999995,4791.565,4779.315,4780.204999999999,42174
2026-05-13T01:00:00+00:00,4780.204999999999,4782.695,4766.254999999999,4767.784999999999,55727
2026-05-13T02:00:00+00:00,4767.784999999999,4772.834999999999,4752.584999999999,4757.275,42231
2026-05-13T03:00:00+00:00,4757.275,4771.1449999999995,4754.264999999999,4761.344999999999,27354
2026-05-13T04:00:00+00:00,4761.344999999999,4768.655,4760.6449999999995,4764.784999999999,20044
2026-05-13T05:00:00+00:00,4764.784999999999,4772.615,4758.714999999999,4769.464999999999,38975
2026-05-13T06:00:00+00:00,4769.464999999999,4780.605,4764.294999999999,4767.204999999999,39844
2026-05-13T07:00:00+00:00,4767.204999999999,4774.214999999999,4762.164999999999,4768.084999999999,32078
2026-05-13T08:00:00+00:00,4768.084999999999,4769.474999999999,4759.624999999999,4765.905,29173
2026-05-13T09:00:00+00:00,4765.905,4767.254999999999,4751.115,4766.284999999999,29824
2026-05-13T10:00:00+00:00,4766.284999999999,4775.954999999999,4758.954999999999,4759.485,32585
2026-05-13T11:00:00+00:00,4759.485,4770.855,4756.794999999999,4762.6849999999995,34032
2026-05-13T12:00:00+00:00,4762.6849999999995,4766.905,4741.115,4749.054999999999,73425
2026-05-13T13:00:00+00:00,4749.054999999999,4759.924999999999,4734.744999999999,4744.6849999999995,101804
2026-05-13T14:00:00+00:00,4744.6849999999995,4756.1849999999995,4738.195,4745.054999999999,93587
2026-05-13T15:00:00+00:00,4745.054999999999,4765.464999999999,4744.174999999999,4760.6449999999995,59411
2026-05-13T16:00:00+00:00,4760.6449999999995,4775.1849999999995,4760.235,4761.034999999999,47502
2026-05-13T17:00:00+00:00,4761.034999999999,4766.534999999999,4749.754999999999,4750.844999999999,36867
2026-05-13T18:00:00+00:00,4750.844999999999,4759.325,4742.664999999999,4750.315,35593
2026-05-13T19:00:00+00:00,4750.315,4755.724999999999,4748.584999999999,4753.365,32129
2026-05-13T20:00:00+00:00,4753.365,4758.544999999999,4751.224999999999,4752.855,10193
2026-05-13T22:00:00+00:00,4752.855,4766.8049999999985,4751.824999999999,4766.284999999999,14559.440921328149
2026-05-13T23:00:00+00:00,4766.284999999999,4768.289999999999,4759.119999999999,4762.729999999999,11571.501392038645
2026-05-14T00:00:00+00:00,4762.729999999999,4772.729999999999,4755.3499999999985,4771.0999999999985,37378
2026-05-14T01:00:00+00:00,4771.0999999999985,4773.059999999999,4749.569999999999,4754.959999999999,80132
2026-05-14T02:00:00+00:00,4754.959999999999,4765.869999999999,4745.729999999999,4752.239999999999,45558
2026-05-14T03:00:00+00:00,4752.239999999999,4759.379999999999,4739.919999999999,4741.209999999999,36402
2026-05-14T04:00:00+00:00,4741.209999999999,4778.8499999999985,4734.029999999999,4768.439999999999,30120
2026-05-14T05:00:00+00:00,4768.439999999999,4770.289999999999,4755.009999999999,4756.0999999999985,35424
2026-05-14T06:00:00+00:00,4756.0999999999985,4768.6399999999985,4752.219999999999,4766.249999999999,41978
2026-05-14T07:00:00+00:00,4766.249999999999,4784.809999999999,4756.789999999999,4759.409999999999,46369
2026-05-14T08:00:00+00:00,4759.409999999999,4772.779999999999,4757.989999999999,4759.489999999999,41703
2026-05-14T09:00:00+00:00,4759.489999999999,4768.699999999999,4754.279999999999,4765.659999999999,35080
2026-05-14T10:00:00+00:00,4765.659999999999,4771.559999999999,4757.229999999999,4763.039999999999,35913
2026-05-14T11:00:00+00:00,4763.039999999999,4770.999999999999,4755.539999999999,4760.169999999999,34365
2026-05-14T12:00:00+00:00,4760.169999999999,4776.199999999999,4758.3899999999985,4770.909999999999,45389
2026-05-14T13:00:00+00:00,4770.909999999999,4773.939999999999,4732.289999999999,4745.699999999999,98138
2026-05-14T14:00:00+00:00,4745.699999999999,4767.029999999999,4743.419999999999,4745.5999999999985,80057
2026-05-14T15:00:00+00:00,4745.5999999999985,4755.679999999999,4743.179999999999,4751.729999999999,47696
2026-05-14T16:00:00+00:00,4751.729999999999,4752.719999999999,4736.569999999999,4744.679999999999,38727
2026-05-14T17:00:00+00:00,4744.679999999999,4749.059999999999,4742.459999999999,4744.3899999999985,38604
2026-05-14T18:00:00+00:00,4744.3899999999985,4744.529999999999,4732.769999999999,4737.699999999999,28273
2026-05-14T19:00:00+00:00,4737.699999999999,4737.979999999999,4719.149999999999,4720.399999999999,32987
2026-05-14T20:00:00+00:00,4720.399999999999,4723.129999999999,4710.399999999999,4716.179999999999,17271
2026-05-14T22:00:00+00:00,4716.179999999999,4725.759999999998,4710.039999999998,4725.4299999999985,17409.82995629718
2026-05-14T23:00:00+00:00,4725.4299999999985,4728.489999999999,4709.479999999999,4715.199999999999,26316
2026-05-15T00:00:00+00:00,4715.199999999999,4721.399999999999,4676.369999999999,4693.129999999998,70880
2026-05-15T01:00:00+00:00,4693.129999999998,4694.449999999999,4670.219999999998,4677.259999999998,111287
2026-05-15T02:00:00+00:00,4677.259999999998,4686.469999999998,4672.369999999999,4681.149999999999,65752
2026-05-15T03:00:00+00:00,4681.149999999999,4685.3899999999985,4670.559999999999,4678.3499999999985,40582
2026-05-15T04:00:00+00:00,4678.3499999999985,4684.469999999998,4667.299999999998,4669.229999999999,33548
2026-05-15T05:00:00+00:00,4669.229999999999,4669.519999999999,4620.289999999998,4621.499999999998,95122
2026-05-15T06:00:00+00:00,4621.499999999998,4643.439999999999,4619.129999999998,4632.859999999999,87604
2026-05-15T07:00:00+00:00,4632.859999999999,4651.839999999998,4628.989999999999,4633.839999999998,63426
2026-05-15T08:00:00+00:00,4633.839999999998,4635.219999999998,4612.879999999998,4617.519999999999,70521
2026-05-15T09:00:00+00:00,4617.519999999999,4626.779999999999,4594.8899999999985,4608.829999999999,71590
2026-05-15T10:00:00+00:00,4608.829999999999,4635.689999999999,4607.219999999998,4629.049999999998,70616
2026-05-15T11:00:00+00:00,4629.049999999998,4633.269999999999,4612.879999999998,4615.089999999998,56789
2026-05-15T12:00:00+00:00,4615.089999999998,4621.829999999999,4606.629999999998,4609.019999999999,67367
2026-05-15T13:00:00+00:00,4609.019999999999,4620.539999999998,4573.569999999999,4596.419999999998,135651
2026-05-15T14:00:00+00:00,4596.419999999998,4629.509999999998,4588.269999999999,4625.689999999999,148120
2026-05-15T15:00:00+00:00,4625.689999999999,4626.649999999999,4596.749999999998,4603.069999999999,98916
2026-05-15T16:00:00+00:00,4603.069999999999,4611.199999999999,4592.299999999998,4607.379999999998,64203
2026-05-15T17:00:00+00:00,4607.379999999998,4627.4299999999985,4606.1799999999985,4622.484999999999,58523.889219639466
2026-05-15T18:00:00+00:00,4622.484999999999,4625.944999999999,4615.444999999999,4622.284999999999,49717
2026-05-15T19:00:00+00:00,4622.284999999999,4623.234999999999,4607.904999999999,4608.954999999999,45683
2026-05-15T20:00:00+00:00,4608.954999999999,4609.474999999999,4595.874999999999,4603.034999999999,17174
2026-05-17T22:00:00+00:00,4603.034999999999,4611.2249999999985,4584.814999999999,4602.494999999999,33915.29671830751
2026-05-17T23:00:00+00:00,4602.494999999999,4604.004999999999,4587.944999999999,4593.084999999999,38037
2026-05-18T00:00:00+00:00,4593.084999999999,4598.364999999999,4536.444999999999,4572.064999999999,112046
2026-05-18T01:00:00+00:00,4572.064999999999,4591.964999999999,4545.624999999999,4581.954999999999,138208
2026-05-18T02:00:00+00:00,4581.954999999999,4599.0149999999985,4578.434999999999,4589.914999999999,65098
2026-05-18T03:00:00+00:00,4589.914999999999,4604.164999999999,4581.634999999998,4597.574999999999,60837
2026-05-18T04:00:00+00:00,4597.574999999999,4606.034999999999,4586.464999999999,4597.034999999999,47330
2026-05-18T05:00:00+00:00,4597.034999999999,4607.984999999999,4586.174999999999,4587.504999999999,63621
2026-05-18T06:00:00+00:00,4587.504999999999,4604.624999999999,4586.434999999999,4603.114999999999,57081
2026-05-18T07:00:00+00:00,4603.114999999999,4616.214999999999,4594.674999999999,4602.574999999999,56542
2026-05-18T08:00:00+00:00,4602.574999999999,4613.394999999999,4598.774999999999,4606.184999999999,41603
2026-05-18T09:00:00+00:00,4606.184999999999,4608.324999999999,4596.814999999999,4599.504999999999,35627
2026-05-18T10:00:00+00:00,4599.504999999999,4603.914999999999,4588.414999999999,4596.634999999998,37078
2026-05-18T11:00:00+00:00,4596.634999999998,4623.154999999999,4586.384999999998,4607.134999999998,74565
2026-05-18T12:00:00+00:00,4607.134999999998,4631.034999999999,4601.7649999999985,4627.534999999999,75451
2026-05-18T13:00:00+00:00,4627.534999999999,4640.604999999999,4618.284999999999,4631.994999999999,113165
2026-05-18T14:00:00+00:00,4631.994999999999,4631.994999999999,4594.174999999999,4602.8049999999985,135507
2026-05-18T15:00:00+00:00,4602.8049999999985,4604.384999999998,4588.064999999999,4599.934999999999,94959
2026-05-18T16:00:00+00:00,4599.934999999999,4610.874999999999,4590.344999999998,4606.424999999999,70417
2026-05-18T17:00:00+00:00,4606.424999999999,4614.614999999999,4601.854999999999,4603.2649999999985,51564
2026-05-18T18:00:00+00:00,4603.2649999999985,4604.234999999999,4590.484999999999,4592.134999999998,48200
2026-05-18T19:00:00+00:00,4592.134999999998,4620.864999999999,4591.544999999999,4614.784999999999,88534
2026-05-18T20:00:00+00:00,4614.784999999999,4623.234999999999,4614.204999999999,4623.234999999999,14783
2026-05-18T22:00:00+00:00,4623.234999999999,4636.0549999999985,4622.634999999998,4631.404999999999,16672.468375009677
2026-05-18T23:00:00+00:00,4631.404999999999,4646.394999999999,4631.214999999998,4639.564999999999,18983
2026-05-19T00:00:00+00:00,4639.564999999999,4646.774999999999,4619.214999999998,4621.104999999999,46986
2026-05-19T01:00:00+00:00,4621.104999999999,4630.034999999999,4611.584999999999,4621.194999999999,63027
2026-05-19T02:00:00+00:00,4621.194999999999,4621.194999999999,4603.254999999998,4604.934999999999,50701
2026-05-19T03:00:00+00:00,4604.934999999999,4612.464999999999,4601.054999999999,4602.504999999999,33402
2026-05-19T04:00:00+00:00,4602.504999999999,4603.1449999999995,4595.285,4599.915,27773
2026-05-19T05:00:00+00:00,4599.915,4603.915,4587.945000000001,4597.915,50285
2026-05-19T06:00:00+00:00,4597.915,4611.405,4590.825,4605.3949999999995,52540
2026-05-19T07:00:00+00:00,4605.3949999999995,4616.805,4598.815,4614.515,45046
2026-05-19T08:00:00+00:00,4614.515,4616.515,4593.525,4600.025,38955
2026-05-19T09:00:00+00:00,4600.025,4604.115,4593.225,4598.955,39330
2026-05-19T10:00:00+00:00,4598.955,4602.054999999999,4582.775,4602.054999999999,42663
2026-05-19T11:00:00+00:00,4602.054999999999,4605.245,4587.075,4588.124999999999,43047
2026-05-19T12:00:00+00:00,4588.124999999999,4604.315,4584.6449999999995,4594.244999999999,46391
2026-05-19T13:00:00+00:00,4594.244999999999,4594.504999999999,4521.754999999999,4560.824999999999,158911
2026-05-19T14:00:00+00:00,4560.824999999999,4571.204999999999,4541.775,4551.214999999999,152906
2026-05-19T15:00:00+00:00,4551.214999999999,4566.525,4547.034999999999,4565.584999999999,87335
2026-05-19T16:00:00+00:00,4565.584999999999,4569.714999999999,4553.514999999999,4564.985,55877
2026-05-19T17:00:00+00:00,4564.985,4568.315,4556.294999999999,4557.904999999999,47074
2026-05-19T18:00:00+00:00,4557.904999999999,4561.065,4547.344999999999,4550.694999999999,48506
2026-05-19T19:00:00+00:00,4550.694999999999,4554.8949999999995,4538.264999999999,4540.364999999999,45741
2026-05-19T20:00:00+00:00,4540.364999999999,4545.364999999999,4538.034999999999,4539.315,12415
2026-05-19T22:00:00+00:00,4539.315,4542.195,4533.334999999999,4540.204999999999,17067.04920845451
2026-05-19T23:00:00+00:00,4540.204999999999,4552.775,4535.6849999999995,4545.285,22740
2026-05-20T00:00:00+00:00,4545.285,4565.124999999999,4535.504999999999,4557.084999999999,78768
2026-05-20T01:00:00+00:00,4557.084999999999,4562.365,4511.9349999999995,4537.254999999999,107291
2026-05-20T02:00:00+00:00,4537.254999999999,4543.275,4514.535,4521.714999999999,69143
2026-05-20T03:00:00+00:00,4521.714999999999,4523.464999999999,4509.445,4520.004999999999,46274
2026-05-20T04:00:00+00:00,4520.004999999999,4526.914999999999,4512.735,4518.384999999999,35699
2026-05-20T05:00:00+00:00,4518.384999999999,4535.584999999999,4517.605,4529.014999999999,49711
2026-05-20T06:00:00+00:00,4529.014999999999,4534.634999999999,4517.714999999999,4530.494999999999,58726
2026-05-20T07:00:00+00:00,4530.494999999999,4542.275,4528.035,4534.884999999999,49831
2026-05-20T08:00:00+00:00,4534.884999999999,4546.424999999999,4532.874999999999,4539.954999999999,55469
2026-05-20T09:00:00+00:00,4539.954999999999,4547.4349999999995,4528.714999999999,4541.014999999999,37702
2026-05-20T10:00:00+00:00,4541.014999999999,4553.244999999999,4540.764999999999,4550.714999999999,29379
2026-05-20T11:00:00+00:00,4550.714999999999,4557.344999999999,4547.004999999999,4555.325,33609
2026-05-20T12:00:00+00:00,4555.325,4561.594999999999,4549.004999999999,4552.445,47364
2026-05-20T13:00:00+00:00,4552.445,4562.424999999999,4538.254999999999,4539.254999999999,95674
2026-05-20T14:00:00+00:00,4539.254999999999,4593.494999999999,4523.224999999999,4587.494999999999,170729
2026-05-20T15:00:00+00:00,4587.494999999999,4609.3949999999995,4579.304999999999,4585.374999999999,124649
2026-05-20T16:00:00+00:00,4585.374999999999,4591.764999999999,4580.294999999999,4590.615,62265
2026-05-20T17:00:00+00:00,4590.615,4594.464999999999,4586.084999999999,4587.334999999999,53482
2026-05-20T18:00:00+00:00,4587.334999999999,4601.3949999999995,4585.084999999999,4598.535,44725
2026-05-20T19:00:00+00:00,4598.535,4606.535,4597.914999999999,4601.794999999999,37233
2026-05-20T20:00:00+00:00,4601.794999999999,4606.714999999999,4598.355,4599.374999999999,20753
2026-05-20T22:00:00+00:00,4599.374999999999,4605.254999999999,4593.044999999999,4598.054999999999,25589.38442515456
2026-05-20T23:00:00+00:00,4598.054999999999,4605.245,4592.495,4604.535,16926
2026-05-21T00:00:00+00:00,4604.535,4611.4349999999995,4595.035,4602.955,47443
2026-05-21T01:00:00+00:00,4602.955,4628.764999999999,4597.575,4618.674999999999,64025
2026-05-21T02:00:00+00:00,4618.674999999999,4622.804999999999,4589.4349999999995,4590.855,47922
2026-05-21T03:00:00+00:00,4590.855,4598.195,4584.985,4586.335,29278
2026-05-21T04:00:00+00:00,4586.335,4598.575,4585.125,4596.535,19666
2026-05-21T05:00:00+00:00,4596.535,4598.514999999999,4576.085,4586.075,45739
2026-05-21T06:00:00+00:00,4586.075,4598.004999999999,4576.844999999999,4579.6449999999995,52730
2026-05-21T07:00:00+00:00,4579.6449999999995,4582.424999999999,4569.754999999999,4577.615,40742
2026-05-21T08:00:00+00:00,4577.615,4594.825,4576.155,4590.504999999999,57012
2026-05-21T09:00:00+00:00,4590.504999999999,4600.905,4585.735,4588.565,44550
2026-05-21T10:00:00+00:00,4588.565,4593.464999999999,4562.665,4569.6849999999995,87557
2026-05-21T11:00:00+00:00,4569.6849999999995,4579.304999999999,4566.085,4572.155,48941
2026-05-21T12:00:00+00:00,4572.155,4577.325,4559.655,4562.085,63377
2026-05-21T13:00:00+00:00,4562.085,4579.014999999999,4546.455,4571.004999999999,125145
2026-05-21T14:00:00+00:00,4571.004999999999,4573.384999999999,4555.985,4566.924999999999,134718
2026-05-21T15:00:00+00:00,4566.924999999999,4573.514999999999,4554.714999999999,4569.974999999999,98952
2026-05-21T16:00:00+00:00,4569.974999999999,4578.924999999999,4569.974999999999,4577.445,63714
2026-05-21T17:00:00+00:00,4577.445,4617.325,4572.115,4609.445,137945
2026-05-21T18:00:00+00:00,4609.445,4614.195,4585.205,4589.955,102930
2026-05-21T19:00:00+00:00,4589.955,4601.804999999999,4587.615,4601.125,62396
2026-05-21T20:00:00+00:00,4601.125,4602.785,4597.705,4600.634999999999,14154
2026-05-21T22:00:00+00:00,4600.634999999999,4602.214999999999,4595.834999999999,4599.784999999999,23429.565455215932
2026-05-21T23:00:00+00:00,4599.784999999999,4601.484999999999,4588.664999999999,4591.994999999999,13502
2026-05-22T00:00:00+00:00,4591.994999999999,4597.814999999999,4581.854999999999,4583.204999999999,37887
2026-05-22T01:00:00+00:00,4583.204999999999,4592.794999999999,4577.674999999999,4583.024999999999,56407
2026-05-22T02:00:00+00:00,4583.024999999999,4585.984999999999,4574.604999999999,4579.824999999999,37823
2026-05-22T03:00:00+00:00,4579.824999999999,4586.684999999999,4575.574999999999,4585.844999999999,23775
2026-05-22T04:00:00+00:00,4585.844999999999,4589.464999999999,4581.874999999999,4583.654999999999,20601
2026-05-22T05:00:00+00:00,4583.654999999999,4590.884999999999,4563.4749999999985,4567.684999999999,40547
2026-05-22T06:00:00+00:00,4567.684999999999,4585.2649999999985,4566.354999999999,4583.464999999999,57736
2026-05-22T07:00:00+00:00,4583.464999999999,4584.024999999999,4572.614999999999,4578.234999999999,36262
2026-05-22T08:00:00+00:00,4578.234999999999,4587.714999999999,4573.484999999999,4578.324999999999,49437
2026-05-22T09:00:00+00:00,4578.324999999999,4592.4749999999985,4571.114999999999,4588.624999999999,37994
2026-05-22T10:00:00+00:00,4588.624999999999,4593.424999999999,4566.654999999999,4571.084999999999,34885
2026-05-22T11:00:00+00:00,4571.084999999999,4581.604999999999,4567.914999999999,4577.194999999999,32898
2026-05-22T12:00:00+00:00,4577.194999999999,4592.424999999999,4571.614999999999,4584.774999999999,63491
2026-05-22T13:00:00+00:00,4584.774999999999,4590.834999999999,4566.7649999999985,4569.924999999999,92225
2026-05-22T14:00:00+00:00,4569.924999999999,4569.9749999999985,4546.944999999999,4557.0549999999985,106906
2026-05-22T15:00:00+00:00,4557.0549999999985,4578.76,4556.794999999999,4576.29,57205.504805608376
2026-05-22T16:00:00+00:00,4576.29,4583.16,4568.61,4571.37,42409
2026-05-22T17:00:00+00:00,4571.37,4584.41,4569.4,4575.66,62105
2026-05-22T18:00:00+00:00,4575.66,4576.76,4568.09,4571.69,37719
2026-05-22T19:00:00+00:00,4571.69,4572.4,4560.639999999999,4564.71,36156
2026-05-22T20:00:00+00:00,4564.71,4566.94,4560.57,4560.82,7665
2026-05-24T22:00:00+00:00,4560.82,4633.84,4560.82,4633.2699999999995,34190.308784815454
2026-05-24T23:00:00+00:00,4633.2699999999995,4648.48,4632.95,4635.26,21293
2026-05-25T00:00:00+00:00,4635.26,4647.73,4634.08,4637.3099999999995,33152
2026-05-25T01:00:00+00:00,4637.3099999999995,4644.24,4628.349999999999,4631.139999999999,47267
2026-05-25T02:00:00+00:00,4631.139999999999,4638.5,4627.07,4629.29,25642
2026-05-25T03:00:00+00:00,4629.29,4632.62,4624.8099999999995,4627.889999999999,21626
2026-05-25T04:00:00+00:00,4627.889999999999,4634.11,4627.45,4633.08,16163
2026-05-25T05:00:00+00:00,4633.08,4634.389999999999,4620.16,4621.65,22293
2026-05-25T06:00:00+00:00,4621.65,4631.54,4618.61,4630.719999999999,29105
2026-05-25T07:00:00+00:00,4630.719999999999,4633.349999999999,4620.34,4632.88,27905
2026-05-25T08:00:00+00:00,4632.88,4633.08,4621.3,4624.24,15256
2026-05-25T09:00:00+00:00,4624.24,4637.389999999999,4623.08,4635.8,13607
2026-05-25T10:00:00+00:00,4635.8,4641.86,4635.8,4636.76,15313
2026-05-25T11:00:00+00:00,4636.76,4645.26,4635.679999999999,4637.49,16548
2026-05-25T12:00:00+00:00,4637.49,4638.5,4621.179999999999,4635.929999999999,27310
2026-05-25T13:00:00+00:00,4635.929999999999,4639.58,4628.3150000000005,4631.265,28930.542695217784
2026-05-25T14:00:00+00:00,4631.265,4638.8150000000005,4630.515,4635.035000000001,22547
2026-05-25T15:00:00+00:00,4635.035000000001,4643.045,4633.865000000001,4639.115000000001,25824
2026-05-25T16:00:00+00:00,4639.115000000001,4642.885,4636.075000000001,4641.705,12832
2026-05-25T17:00:00+00:00,4641.705,4646.375,4631.195000000001,4633.285000000001,14106
2026-05-25T18:00:00+00:00,4633.285000000001,4639.805,4570.01,4570.26,5741
2026-05-25T20:00:00+00:00,4570.26,4572.91,4570.26,4572.26,2319
2026-05-25T22:00:00+00:00,4570.099999999999,4576.46,4569.24,4574.65,16853.22456325169
2026-05-25T23:00:00+00:00,4574.65,4580.36,4554.66,4559.55,21442
2026-05-26T00:00:00+00:00,4559.55,4560.25,4539.03,4549.12,45004
2026-05-26T01:00:00+00:00,4549.12,4550.25,4527.26,4536.77,56118
2026-05-26T02:00:00+00:00,4536.77,4539.4400000000005,4529.96,4532.29,23381
2026-05-26T03:00:00+00:00,4532.29,4545.41,4531.99,4542.37,15697
2026-05-26T04:00:00+00:00,4542.37,4543.05,4523.22,4525.41,18255
2026-05-26T05:00:00+00:00,4525.41,4535.14,4522.88,4527.14,31810
2026-05-26T06:00:00+00:00,4527.14,4536.12,4526.8,4530.78,33499
2026-05-26T07:00:00+00:00,4530.78,4539.02,4521.53,4538.15,41895
2026-05-26T08:00:00+00:00,4538.15,4539.08,4519.86,4523.71,29159
2026-05-26T09:00:00+00:00,4523.71,4526.4,4511.91,4522.4400000000005,31903
2026-05-26T10:00:00+00:00,4522.4400000000005,4540.49,4519.22,4534.18,33800
2026-05-26T11:00:00+00:00,4534.18,4536.33,4502.97,4507.08,48630
2026-05-26T12:00:00+00:00,4507.08,4523.57,4500.14,4520.15,48880
2026-05-26T13:00:00+00:00,4520.15,4531.27,4511.83,4513.77,68538
2026-05-26T14:00:00+00:00,4513.77,4524.87,4507.61,4515.21,56883
2026-05-26T15:00:00+00:00,4515.21,4515.55,4502.32,4506.46,46494
2026-05-26T16:00:00+00:00,4506.46,4511.31,4499.6,4504.82,28282
2026-05-26T17:00:00+00:00,4504.82,4507.55,4489.42,4490.96,33991
2026-05-26T18:00:00+00:00,4490.96,4499.34,4481.6900000000005,4498.9800000000005,28384
2026-05-26T19:00:00+00:00,4498.9800000000005,4509.89,4497.52,4508.77,22715
2026-05-26T20:00:00+00:00,4508.77,4510.95,4503.8,4506.51,9037
2026-05-26T22:00:00+00:00,4506.51,4513.88,4497.06,4510.63,18303.913476308637
2026-05-26T23:00:00+00:00,4510.63,4527.45,4503.96,4519.63,17736
2026-05-27T00:00:00+00:00,4519.63,4525.76,4513.67,4515.14,22731
2026-05-27T01:00:00+00:00,4515.14,4521.05,4506.64,4507.88,29556
2026-05-27T02:00:00+00:00,4507.88,4509.5,4497.66,4505.78,20336
2026-05-27T03:00:00+00:00,4505.78,4511.74,4496.38,4496.62,14781
2026-05-27T04:00:00+00:00,4496.62,4517.3,4495.47,4509.92,17230
2026-05-27T05:00:00+00:00,4509.92,4513.8,4491.55,4497.36,46244
2026-05-27T06:00:00+00:00,4497.36,4499.23,4479.37,4485.23,44602
2026-05-27T07:00:00+00:00,4485.23,4489.4,4475.43,4481.99,32860
2026-05-27T08:00:00+00:00,4481.99,4498.66,4481.1,4497.68,28392
2026-05-27T09:00:00+00:00,4497.68,4497.69,4486.72,4490.02,17120
2026-05-27T10:00:00+00:00,4490.02,4490.48,4442.45,4445.81,47214
2026-05-27T11:00:00+00:00,4445.81,4453.37,4424.76,4428.6,48009
2026-05-27T12:00:00+00:00,4428.6,4466.59,4427.36,4438.71,82239
2026-05-27T13:00:00+00:00,4438.71,4438.93,4401.19,4427.38,115839
2026-05-27T14:00:00+00:00,4427.38,4455.37,4425.96,4433.89,89268
2026-05-27T15:00:00+00:00,4433.89,4441.61,4428.14,4436.39,46829
2026-05-27T16:00:00+00:00,4436.39,4453.28,4434.18,4450.64,29723
2026-05-27T17:00:00+00:00,4450.64,4454.29,4441.25,4450.38,30942
2026-05-27T18:00:00+00:00,4450.38,4458.24,4447.76,4454.22,15983
2026-05-27T19:00:00+00:00,4454.22,4454.8,4448.86,4450.98,19618
2026-05-27T20:00:00+00:00,4450.98,4458.91,4449.86,4455.48,7686
2026-05-27T22:00:00+00:00,4455.48,4473.78,4455.48,4465.06,10594.877627375889
2026-05-27T23:00:00+00:00,4465.06,4465.82,4451.49,4454.95,17936
2026-05-28T00:00:00+00:00,4454.95,4465.82,4451.55,4465.03,29715
2026-05-28T01:00:00+00:00,4465.03,4466.81,4414.6,4417.65,55665
2026-05-28T02:00:00+00:00,4417.65,4420.64,4400.49,4402.37,38972
2026-05-28T03:00:00+00:00,4402.37,4405.98,4376.21,4382.74,44715
2026-05-28T04:00:00+00:00,4382.74,4390.19,4373.85,4380.76,34856
2026-05-28T05:00:00+00:00,4380.76,4403.65,4374.94,4396.05,38838
2026-05-28T06:00:00+00:00,4396.05,4398.34,4381.91,4391.5,30434
2026-05-28T07:00:00+00:00,4391.5,4404.47,4390.64,4395.52,26664
2026-05-28T08:00:00+00:00,4395.52,4403.03,4393.58,4394.9,24214
2026-05-28T09:00:00+00:00,4394.9,4407.05,4394.18,4401.44,23148
2026-05-28T10:00:00+00:00,4401.44,4412.23,4382.84,4390.95,28871
2026-05-28T11:00:00+00:00,4390.95,4398.59,4388.84,4396.03,32524
2026-05-28T12:00:00+00:00,4396.03,4441.78,4387.47,4440.1,45171
2026-05-28T13:00:00+00:00,4440.1,4447.02,4425.97,4438.12,74000
2026-05-28T14:00:00+00:00,4438.12,4488.35,4428.36,4477.76,127837
2026-05-28T15:00:00+00:00,4477.76,4492.88,4476.64,4490.09,57619
2026-05-28T16:00:00+00:00,4490.09,4519.04,4485.82,4518.97,47788
2026-05-28T17:00:00+00:00,4518.97,4522.52,4509.1,4516.79,35377
2026-05-28T18:00:00+00:00,4516.79,4524.43,4506.485,4509.425,28826.89986295355
2026-05-28T19:00:00+00:00,4509.425,4511.804999999999,4505.275,4505.785,20791
2026-05-28T20:00:00+00:00,4505.785,4508.815,4502.4349999999995,4503.514999999999,10120
2026-05-28T22:00:00+00:00,4503.514999999999,4510.154999999999,4502.334999999999,4502.824999999999,13160.254025095972
2026-05-28T23:00:00+00:00,4502.824999999999,4508.554999999999,4500.344999999999,4506.605,14102
2026-05-29T00:00:00+00:00,4506.605,4511.954999999999,4503.324999999999,4507.594999999999,29724
2026-05-29T01:00:00+00:00,4507.594999999999,4532.254999999999,4503.954999999999,4517.6849999999995,47889
2026-05-29T02:00:00+00:00,4517.6849999999995,4522.565,4509.6849999999995,4513.014999999999,25203
2026-05-29T03:00:00+00:00,4513.014999999999,4513.294999999999,4506.124999999999,4512.874999999999,24219
2026-05-29T04:00:00+00:00,4512.874999999999,4526.474999999999,4512.6449999999995,4525.364999999999,18089
2026-05-29T05:00:00+00:00,4525.364999999999,4527.114999999999,4513.974999999999,4526.4349999999995,22155
2026-05-29T06:00:00+00:00,4526.4349999999995,4535.534999999999,4521.275,4535.044999999999,36309
2026-05-29T07:00:00+00:00,4535.044999999999,4537.6449999999995,4522.164999999999,4536.204999999999,29019
2026-05-29T08:00:00+00:00,4536.204999999999,4536.364999999999,4521.424999999999,4526.504999999999,24483
2026-05-29T09:00:00+00:00,4526.504999999999,4551.244999999999,4524.605,4542.534999999999,28182
2026-05-29T10:00:00+00:00,4542.534999999999,4554.554999999999,4536.864999999999,4549.964999999999,23850
2026-05-29T11:00:00+00:00,4549.964999999999,4551.844999999999,4537.264999999999,4549.775,27236
2026-05-29T12:00:00+00:00,4549.775,4549.964999999999,4523.884999999999,4534.584999999999,39832
2026-05-29T13:00:00+00:00,4534.584999999999,4552.1449999999995,4528.324999999999,4548.065,59952
2026-05-29T14:00:00+00:00,4548.065,4582.065,4536.674999999999,4575.474999999999,99001
2026-05-29T15:00:00+00:00,4575.474999999999,4606.744999999999,4568.924999999999,4582.574999999999,90589
2026-05-29T16:00:00+00:00,4582.574999999999,4584.945,4571.214999999999,4578.204999999999,41463
2026-05-29T17:00:00+00:00,4578.204999999999,4579.834999999999,4562.844999999999,4564.815,37673
2026-05-29T18:00:00+00:00,4564.815,4572.945,4562.114999999999,4564.744999999999,30417
2026-05-29T19:00:00+00:00,4564.744999999999,4571.534999999999,4554.195,4557.1449999999995,33443
2026-05-29T20:00:00+00:00,4557.1449999999995,4560.584999999999,4552.4349999999995,4554.844999999999,9551
2026-05-31T22:00:00+00:00,4554.844999999999,4562.224999999999,4532.334999999999,4549.985,23486.331231473996
2026-05-31T23:00:00+00:00,4549.985,4560.605,4549.374999999999,4553.874999999999,15961.213906622568
2026-06-01T00:00:00+00:00,4553.874999999999,4560.865,4549.954999999999,4555.275,26174
2026-06-01T01:00:00+00:00,4555.275,4556.204999999999,4538.4349999999995,4539.865,36048
2026-06-01T02:00:00+00:00,4539.865,4549.355,4535.815,4536.285,24231
2026-06-01T03:00:00+00:00,4536.285,4540.264999999999,4524.254999999999,4531.004999999999,21296
2026-06-01T04:00:00+00:00,4531.004999999999,4534.504999999999,4522.664999999999,4529.164999999999,12486
2026-06-01T05:00:00+00:00,4529.164999999999,4540.084999999999,4527.304999999999,4532.575,21710
2026-06-01T06:00:00+00:00,4532.575,4533.344999999999,4514.825,4516.275,30847
2026-06-01T07:00:00+00:00,4516.275,4524.834999999999,4507.025,4517.714999999999,26396
2026-06-01T08:00:00+00:00,4517.714999999999,4519.124999999999,4504.6849999999995,4512.6849999999995,27202
2026-06-01T09:00:00+00:00,4512.6849999999995,4521.054999999999,4503.735,4510.504999999999,22647
2026-06-01T10:00:00+00:00,4510.504999999999,4525.695,4510.454999999999,4518.575,18451
2026-06-01T11:00:00+00:00,4518.575,4527.624999999999,4514.485,4520.454999999999,19575
2026-06-01T12:00:00+00:00,4520.454999999999,4525.075,4512.065,4516.735,31103
2026-06-01T13:00:00+00:00,4516.735,4518.584999999999,4462.924999999999,4464.414999999999,119855
2026-06-01T14:00:00+00:00,4464.414999999999,4479.535,4462.374999999999,4473.424999999999,71160
2026-06-01T15:00:00+00:00,4473.424999999999,4494.4349999999995,4469.815,4488.655,49910
2026-06-01T16:00:00+00:00,4488.655,4496.785,4477.535,4494.6849999999995,36072
2026-06-01T17:00:00+00:00,4494.6849999999995,4510.235,4486.214999999999,4502.035,52046
2026-06-01T18:00:00+00:00,4502.035,4504.754999999999,4499.454999999999,4501.254999999999,16705
2026-06-01T19:00:00+00:00,4501.254999999999,4502.964999999999,4493.674999999999,4495.844999999999,22105
2026-06-01T20:00:00+00:00,4495.844999999999,4500.445,4494.775,4499.254999999999,8500
2026-06-01T22:00:00+00:00,4499.254999999999,4499.855,4492.9349999999995,4498.775,10827.519011976048
2026-06-01T23:00:00+00:00,4498.775,4501.664999999999,4492.384999999999,4497.884999999999,11413
2026-06-02T00:00:00+00:00,4497.884999999999,4510.565,4489.825,4494.634999999999,30414
2026-06-02T01:00:00+00:00,4494.634999999999,4505.855,4476.224999999999,4487.355,57390
2026-06-02T02:00:00+00:00,4487.355,4499.964999999999,4485.584999999999,4499.525,29020
2026-06-02T03:00:00+00:00,4499.525,4513.025,4498.995,4512.794999999999,21869
2026-06-02T04:00:00+00:00,4512.794999999999,4531.815,4511.174999999999,4531.004999999999,18635
2026-06-02T05:00:00+00:00,4531.004999999999,4541.594999999999,4528.565,4530.504999999999,25487
2026-06-02T06:00:00+00:00,4530.504999999999,4552.025,4530.405,4549.285,27896
2026-06-02T07:00:00+00:00,4549.285,4555.084999999999,4541.325,4548.374999999999,21454
2026-06-02T08:00:00+00:00,4548.374999999999,4552.664999999999,4539.405,4540.094999999999,21104
2026-06-02T09:00:00+00:00,4540.094999999999,4549.174999999999,4534.424999999999,4543.264999999999,21044
2026-06-02T10:00:00+00:00,4543.264999999999,4547.325,4537.914999999999,4546.455,13117
2026-06-02T11:00:00+00:00,4546.455,4548.035,4538.8949999999995,4540.995,15336
2026-06-02T12:00:00+00:00,4540.995,4547.485,4526.844999999999,4528.084999999999,28672
2026-06-02T13:00:00+00:00,4528.084999999999,4538.205,4515.674999999999,4515.674999999999,60086
2026-06-02T14:00:00+00:00,4515.674999999999,4520.355,4503.6449999999995,4517.474999999999,55530
2026-06-02T15:00:00+00:00,4517.474999999999,4521.865,4513.615,4515.504999999999,35433
2026-06-02T16:00:00+00:00,4515.504999999999,4516.285,4499.584999999999,4505.205,28447
2026-06-02T17:00:00+00:00,4505.205,4506.464999999999,4495.594999999999,4497.865,28815
2026-06-02T18:00:00+00:00,4497.865,4504.365,4491.905,4500.745,19452
2026-06-02T19:00:00+00:00,4500.745,4503.624999999999,4496.775,4501.594999999999,15624
2026-06-02T20:00:00+00:00,4501.594999999999,4504.544999999999,4499.6449999999995,4502.804999999999,6286
2026-06-02T22:00:00+00:00,4502.804999999999,4508.045,4498.585,4499.885,15856.49267843695
2026-06-02T23:00:00+00:00,4499.885,4503.825,4476.735,4489.255,31837
2026-06-03T00:00:00+00:00,4489.255,4511.635,4488.545,4500.715,21744
2026-06-03T01:00:00+00:00,4500.715,4502.315,4478.065,4490.525,43388
2026-06-03T02:00:00+00:00,4490.525,4499.815,4487.724999999999,4496.675,23078
2026-06-03T03:00:00+00:00,4496.675,4502.455,4496.554999999999,4499.205,14896
2026-06-03T04:00:00+00:00,4499.205,4503.135,4483.014999999999,4484.1449999999995,11813
2026-06-03T05:00:00+00:00,4484.1449999999995,4489.025,4471.325,4471.715,24930
2026-06-03T06:00:00+00:00,4471.715,4485.665,4469.885,4477.815,37991
2026-06-03T07:00:00+00:00,4477.815,4487.155,4467.525,4468.045,31103
2026-06-03T08:00:00+00:00,4468.045,4474.1449999999995,4454.985,4458.785,29772
2026-06-03T09:00:00+00:00,4458.785,4473.875,4453.745,4457.945,27234
2026-06-03T10:00:00+00:00,4457.945,4482.035,4455.764999999999,4473.844999999999,40448
2026-06-03T11:00:00+00:00,4473.844999999999,4483.105,4473.264999999999,4477.335,25221
2026-06-03T12:00:00+00:00,4477.335,4481.925,4463.125,4475.094999999999,39404
2026-06-03T13:00:00+00:00,4475.094999999999,4480.735,4440.925,4460.045,76533
2026-06-03T14:00:00+00:00,4460.045,4474.445,4457.115,4471.825,75191
2026-06-03T15:00:00+00:00,4471.825,4473.165,4451.465,4457.054999999999,57487
2026-06-03T16:00:00+00:00,4457.054999999999,4458.855,4448.525,4456.615,40670
2026-06-03T17:00:00+00:00,4456.615,4463.505,4450.365,4453.795,32715
2026-06-03T18:00:00+00:00,4453.795,4457.755,4449.3949999999995,4456.875,21630
2026-06-03T19:00:00+00:00,4456.875,4467.085,4456.224999999999,4458.565,27837
2026-06-03T20:00:00+00:00,4458.565,4460.224999999999,4445.045,4449.135,16902
2026-06-03T22:00:00+00:00,4449.135,4468.1849999999995,4438.834999999999,4464.285,25681.666348840597
2026-06-03T23:00:00+00:00,4464.285,4479.964999999999,4460.384999999999,4472.304999999999,25112
2026-06-04T00:00:00+00:00,4472.304999999999,4480.474999999999,4459.405,4463.714999999999,44768
2026-06-04T01:00:00+00:00,4463.714999999999,4488.955,4458.474999999999,4481.025,54614
2026-06-04T02:00:00+00:00,4481.025,4492.065,4470.785,4490.275,35522
2026-06-04T03:00:00+00:00,4490.275,4492.589999999999,4473.73,4479.049999999999,21669.66194074888
2026-06-04T04:00:00+00:00,4479.049999999999,4499.4,4477.46,4496.37,19794
2026-06-04T05:00:00+00:00,4496.37,4497.83,4482.2,4484.49,26512
2026-06-04T06:00:00+00:00,4484.49,4492.53,4478.2,4483.17,31466
2026-06-04T07:00:00+00:00,4483.17,4486.19,4474.73,4477.009999999999,27387
2026-06-04T08:00:00+00:00,4477.009999999999,4484.839999999999,4473.849999999999,4478.679999999999,36400
2026-06-04T09:00:00+00:00,4478.679999999999,4490.98,4476.28,4485.73,29619
2026-06-04T10:00:00+00:00,4485.73,4489.29,4479.61,4489.089999999999,20982
2026-06-04T11:00:00+00:00,4489.089999999999,4530.139999999999,4484.049999999999,4526.83,46689
2026-06-04T12:00:00+00:00,4526.83,4529.23,4506.46,4519.36,45737
2026-06-04T13:00:00+00:00,4519.36,4530.83,4510.78,4511.21,68754
2026-06-04T14:00:00+00:00,4511.21,4515.32,4472.61,4481.349999999999,82053
2026-06-04T15:00:00+00:00,4481.349999999999,4494.49,4478.879999999999,4492.7699999999995,39500
2026-06-04T16:00:00+00:00,4492.7699999999995,4500.62,4490.679999999999,4498.049999999999,31779
2026-06-04T17:00:00+00:00,4498.049999999999,4498.049999999999,4489.4,4493.44,20020
2026-06-04T18:00:00+00:00,4493.44,4496.5199999999995,4488.03,4493.469999999999,16270
2026-06-04T19:00:00+00:00,4493.469999999999,4498.83,4491.58,4496.3099999999995,17790
2026-06-04T20:00:00+00:00,4496.3099999999995,4497.04,4489.7,4490.28,8940
2026-06-04T22:00:00+00:00,4490.28,4494.429999999999,4481.66,4482.589999999999,15055.129544156465
2026-06-04T23:00:00+00:00,4482.589999999999,4486.879999999999,4473.07,4474.23,19241
2026-06-05T00:00:00+00:00,4474.23,4479.759999999999,4463.369999999999,4472.129999999999,37834
2026-06-05T01:00:00+00:00,4472.129999999999,4482.749999999999,4456.99,4459.61,59550
2026-06-05T02:00:00+00:00,4459.61,4467.91,4451.169999999999,4453.3099999999995,36923
2026-06-05T03:00:00+00:00,4453.3099999999995,4456.799999999999,4448.0199999999995,4455.19,28231
2026-06-05T04:00:00+00:00,4455.19,4459.539999999999,4450.379999999999,4457.849999999999,20560
2026-06-05T05:00:00+00:00,4457.849999999999,4462.969999999999,4451.349999999999,4452.86,31385
2026-06-05T06:00:00+00:00,4452.86,4469.03,4441.119999999999,4465.599999999999,47472
2026-06-05T07:00:00+00:00,4465.599999999999,4480.219999999999,4464.619999999999,4473.709999999999,31923
2026-06-05T08:00:00+00:00,4473.709999999999,4481.0199999999995,4471.509999999999,4475.61,28696
2026-06-05T09:00:00+00:00,4475.61,4482.28,4471.679999999999,4477.709999999999,33398
2026-06-05T10:00:00+00:00,4477.709999999999,4480.969999999999,4474.599999999999,4479.289999999999,16287
2026-06-05T11:00:00+00:00,4479.289999999999,4488.219999999999,4470.82,4482.94,25057
2026-06-05T12:00:00+00:00,4482.94,4488.669999999999,4417.7,4419.509999999999,74892
2026-06-05T13:00:00+00:00,4419.509999999999,4433.98,4378.129999999999,4378.539999999999,129239
2026-06-05T14:00:00+00:00,4378.539999999999,4392.139999999999,4357.369999999999,4382.469999999999,136270
2026-06-05T15:00:00+00:00,4382.469999999999,4385.41,4346.86,4348.45,80409
2026-06-05T16:00:00+00:00,4348.45,4357.719999999999,4336.11,4357.48,82870
2026-06-05T17:00:00+00:00,4357.48,4360.129999999999,4348.469999999999,4354.400000000001,61194.52993036914
2026-06-05T18:00:00+00:00,4354.400000000001,4354.8,4327.92,4335.2300000000005,73247
2026-06-05T19:00:00+00:00,4335.2300000000005,4337.89,4326.64,4331.320000000001,76769
2026-06-05T20:00:00+00:00,4331.320000000001,4339.3,4324.47,4336.63,23846
2026-06-07T22:00:00+00:00,4336.63,4345.26,4324.620000000001,4331.950000000001,53428.16027661208
2026-06-07T23:00:00+00:00,4331.950000000001,4361.990000000001,4331.860000000001,4358.39,33541
2026-06-08T00:00:00+00:00,4358.39,4368.000000000001,4354.4400000000005,4356.950000000001,43398
2026-06-08T01:00:00+00:00,4356.950000000001,4359.9800000000005,4314.570000000001,4340.240000000001,107108
2026-06-08T02:00:00+00:00,4340.240000000001,4345.38,4321.900000000001,4325.330000000001,59018
2026-06-08T03:00:00+00:00,4325.330000000001,4331.750000000001,4318.31,4331.56,32659
2026-06-08T04:00:00+00:00,4331.56,4336.39,4322.280000000001,4327.280000000001,29374
2026-06-08T05:00:00+00:00,4327.280000000001,4330.72,4283.18,4306.530000000001,65942
2026-06-08T06:00:00+00:00,4306.530000000001,4325.9800000000005,4306.530000000001,4314.750000000001,60855
2026-06-08T07:00:00+00:00,4314.750000000001,4331.620000000001,4309.120000000001,4309.120000000001,50068
2026-06-08T08:00:00+00:00,4309.120000000001,4311.900000000001,4300.030000000001,4303.47,44127
2026-06-08T09:00:00+00:00,4303.47,4316.56,4287.7300000000005,4308.910000000001,41889
2026-06-08T10:00:00+00:00,4308.910000000001,4320.280000000001,4300.55,4316.67,40058
2026-06-08T11:00:00+00:00,4316.67,4347.860000000001,4311.84,4346.1,58429
2026-06-08T12:00:00+00:00,4346.1,4353.990000000001,4335.000000000001,4347.72,49474
2026-06-08T13:00:00+00:00,4347.72,4361.250000000001,4336.360000000001,4341.71,109018
2026-06-08T14:00:00+00:00,4341.71,4346.21,4329.370000000001,4345.63,98427
2026-06-08T15:00:00+00:00,4345.63,4360.330000000001,4337.400000000001,4356.56,66881
2026-06-08T16:00:00+00:00,4356.56,4361.14,4352.570000000001,4355.3,53785
2026-06-08T17:00:00+00:00,4355.3,4357.14,4346.700000000001,4353.860000000001,50757
2026-06-08T18:00:00+00:00,4353.860000000001,4360.68,4347.570000000001,4349.200000000001,37641
2026-06-08T19:00:00+00:00,4349.200000000001,4352.84,4338.06,4341.320000000001,40344
2026-06-08T20:00:00+00:00,4341.320000000001,4345.18,4339.290000000001,4344.13,9503
2026-06-08T22:00:00+00:00,4344.13,4344.74,4335.240000000001,4340.410000000001,10775.911846893683
2026-06-08T23:00:00+00:00,4340.410000000001,4341.31,4325.1900000000005,4330.200000000001,16181
2026-06-09T00:00:00+00:00,4330.200000000001,4336.290000000001,4327.51,4332.380000000001,37243
2026-06-09T01:00:00+00:00,4332.380000000001,4351.360000000001,4330.9800000000005,4348.950000000001,51041
2026-06-09T02:00:00+00:00,4348.950000000001,4353.360000000001,4340.72,4348.56,33007
2026-06-09T03:00:00+00:00,4348.56,4354.72,4343.7300000000005,4349.040000000001,26706
2026-06-09T04:00:00+00:00,4349.040000000001,4351.85,4336.93,4344.8,17358
2026-06-09T05:00:00+00:00,4344.8,4364.070000000001,4343.47,4355.990000000001,34709
2026-06-09T06:00:00+00:00,4355.990000000001,4361.320000000001,4342.790000000001,4343.080000000001,33842
2026-06-09T07:00:00+00:00,4343.080000000001,4347.2300000000005,4334.780000000001,4339.160000000001,34711
2026-06-09T08:00:00+00:00,4339.160000000001,4349.3,4333.790000000001,4339.05,31757
2026-06-09T09:00:00+00:00,4339.05,4348.670000000001,4336.670000000001,4344.650000000001,24135
2026-06-09T10:00:00+00:00,4344.650000000001,4352.710000000001,4337.97,4351.570000000001,22574
2026-06-09T11:00:00+00:00,4351.570000000001,4356.290000000001,4348.18,4352.280000000001,19247
2026-06-09T12:00:00+00:00,4352.280000000001,4356.870000000001,4347.39,4353.910000000001,28671
2026-06-09T13:00:00+00:00,4353.910000000001,4375.93,4337.8,4341.080000000001,76727
2026-06-09T14:00:00+00:00,4341.080000000001,4348.570000000001,4291.150000000001,4312.9800000000005,158141
2026-06-09T15:00:00+00:00,4312.9800000000005,4314.570000000001,4275.64,4284.820000000001,147471
2026-06-09T16:00:00+00:00,4284.820000000001,4293.64,4249.1,4264.4800000000005,218269
2026-06-09T17:00:00+00:00,4264.4800000000005,4280.530000000001,4263.790000000001,4275.55,142453
2026-06-09T18:00:00+00:00,4275.55,4286.76,4272.080000000001,4282.530000000001,87139
2026-06-09T19:00:00+00:00,4282.530000000001,4284.170000000001,4262.380000000001,4271.280000000001,81227
2026-06-09T20:00:00+00:00,4271.280000000001,4274.500000000001,4268.14,4272.89,15123
2026-06-09T22:00:00+00:00,4272.89,4277.34,4247.56,4252.52,24621.482044876655
2026-06-09T23:00:00+00:00,4252.52,4262.43,4225.42,4236.89,41827
2026-06-10T00:00:00+00:00,4236.89,4243.34,4214.400000000001,4232.9800000000005,70923
2026-06-10T01:00:00+00:00,4232.9800000000005,4233.490000000001,4198.650000000001,4203.870000000001,85469
2026-06-10T02:00:00+00:00,4203.870000000001,4207.650000000001,4188.490000000001,4189.21,58367
2026-06-10T03:00:00+00:00,4189.21,4201.68,4188.320000000001,4199.990000000001,41178
2026-06-10T04:00:00+00:00,4199.990000000001,4202.320000000001,4187.650000000001,4189.92,30228
2026-06-10T05:00:00+00:00,4189.92,4224.18,4188.620000000001,4220.360000000001,52346
2026-06-10T06:00:00+00:00,4220.360000000001,4237.160000000001,4217.06,4219.13,49681
2026-06-10T07:00:00+00:00,4219.13,4222.9800000000005,4196.67,4201.21,46235
2026-06-10T08:00:00+00:00,4201.21,4202.570000000001,4176.500000000001,4183.990000000001,62507
2026-06-10T09:00:00+00:00,4183.990000000001,4194.52,4178.31,4183.92,48327
2026-06-10T10:00:00+00:00,4183.92,4193.910000000001,4170.750000000001,4189.900000000001,42113
2026-06-10T11:00:00+00:00,4189.900000000001,4191.290000000001,4161.01,4162.88,80134
2026-06-10T12:00:00+00:00,4162.88,4188.4800000000005,4145.4800000000005,4162.13,105124
2026-06-10T13:00:00+00:00,4162.13,4201.31,4148.150000000001,4194.820000000001,139991
2026-06-10T14:00:00+00:00,4194.820000000001,4195.830000000001,4133.500000000001,4140.05,143151
2026-06-10T15:00:00+00:00,4140.05,4151.93,4121.790000000001,4144.030000000001,148497
2026-06-10T16:00:00+00:00,4144.030000000001,4149.81,4131.21,4136.950000000001,99844
2026-06-10T17:00:00+00:00,4136.950000000001,4150.000000000001,4116.040000000001,4126.85,86806
2026-06-10T18:00:00+00:00,4126.85,4135.52,4112.160000000001,4116.780000000001,76141
2026-06-10T19:00:00+00:00,4116.780000000001,4117.360000000001,4096.839999999999,4098.1900000000005,79140
2026-06-10T20:00:00+00:00,4098.1900000000005,4098.280000000001,4082.2600000000007,4086.5400000000004,27195
2026-06-10T22:00:00+00:00,4086.5400000000004,4086.850000000001,4046.400000000001,4056.380000000001,49892.33780367625
2026-06-10T23:00:00+00:00,4056.380000000001,4074.7200000000007,4033.9300000000007,4057.110000000001,61876
2026-06-11T00:00:00+00:00,4057.110000000001,4088.060000000001,4045.9900000000007,4085.920000000001,112334
2026-06-11T01:00:00+00:00,4085.920000000001,4128.510000000002,4076.320000000001,4111.960000000002,101307
2026-06-11T02:00:00+00:00,4111.960000000002,4112.830000000002,4062.300000000002,4078.160000000002,75863
2026-06-11T03:00:00+00:00,4078.160000000002,4088.880000000002,4067.0600000000018,4083.1200000000017,56428
2026-06-11T04:00:00+00:00,4083.1200000000017,4096.290000000002,4080.230000000002,4093.030000000002,38334
2026-06-11T05:00:00+00:00,4093.030000000002,4116.670000000003,4082.940000000002,4104.430000000002,58696
2026-06-11T06:00:00+00:00,4104.430000000002,4107.91,4086.3000000000015,4104.720000000001,51718
2026-06-11T07:00:00+00:00,4104.720000000001,4120.829999999998,4101.939999999999,4115.239999999998,43780
2026-06-11T08:00:00+00:00,4115.239999999998,4123.049999999998,4094.8500000000004,4094.8600000000006,51456
2026-06-11T09:00:00+00:00,4094.8600000000006,4106.780000000003,4087.8000000000025,4102.020000000006,32751
2026-06-11T10:00:00+00:00,4102.020000000006,4104.960000000006,4096.8400000000065,4100.310000000009,27663
2026-06-11T11:00:00+00:00,4100.310000000009,4106.300000000008,4090.0900000000074,4090.5900000000074,41342
2026-06-11T12:00:00+00:00,4090.5900000000074,4097.420000000007,4067.5200000000073,4092.1400000000076,90074
2026-06-11T13:00:00+00:00,4092.1400000000076,4103.020000000008,4077.3400000000074,4093.6400000000085,141579
2026-06-11T14:00:00+00:00,4093.6400000000085,4095.790000000008,4063.290000000008,4083.730000000008,152118
2026-06-11T15:00:00+00:00,4083.730000000008,4105.870000000006,4080.6100000000083,4099.140000000007,107045
2026-06-11T16:00:00+00:00,4099.140000000007,4117.9700000000075,4088.370000000008,4090.6400000000085,83262
2026-06-11T17:00:00+00:00,4090.6400000000085,4180.320000000007,4082.250000000008,4162.230000000008,162340
2026-06-11T18:00:00+00:00,4162.230000000008,4181.890000000008,4141.530000000007,4172.200000000007,140716
2026-06-11T19:00:00+00:00,4172.200000000007,4230.5100000000075,4172.200000000007,4218.890000000008,116774
2026-06-11T20:00:00+00:00,4218.890000000008,4228.950000000007,4218.590000000007,4222.660000000007,26616
2026-06-11T22:00:00+00:00,4222.660000000007,4262.150000000007,4220.570000000007,4258.880000000007,29643.52690448331
2026-06-11T23:00:00+00:00,4258.880000000007,4261.590000000007,4229.400000000007,4235.140000000007,36472
2026-06-12T00:00:00+00:00,4235.140000000007,4246.100000000007,4215.780000000007,4224.0500000000075,61808
2026-06-12T01:00:00+00:00,4224.0500000000075,4226.700000000007,4186.930000000008,4202.400000000007,71143
2026-06-12T02:00:00+00:00,4202.400000000007,4215.650000000007,4198.090000000007,4207.060000000007,43845
2026-06-12T03:00:00+00:00,4207.060000000007,4220.590000000007,4205.040000000007,4212.810000000007,37802
2026-06-12T04:00:00+00:00,4212.810000000007,4216.710000000007,4205.230000000007,4205.670000000007,22101
2026-06-12T05:00:00+00:00,4205.670000000007,4208.660000000007,4186.170000000007,4188.570000000007,52751
2026-06-12T06:00:00+00:00,4188.570000000007,4201.160000000007,4187.920000000007,4199.750000000007,45138
2026-06-12T07:00:00+00:00,4199.750000000007,4210.250000000007,4185.790000000007,4210.200000000007,43600
2026-06-12T08:00:00+00:00,4210.200000000007,4241.610000000007,4207.430000000008,4235.140000000007,70131
2026-06-12T09:00:00+00:00,4235.140000000007,4243.620000000007,4233.0100000000075,4237.390000000007,42810
2026-06-12T10:00:00+00:00,4237.390000000007,4241.120000000007,4218.360000000007,4226.540000000007,41012
2026-06-12T11:00:00+00:00,4226.540000000007,4230.710000000007,4213.110000000007,4222.460000000007,33075
2026-06-12T12:00:00+00:00,4222.460000000007,4230.980000000007,4204.160000000007,4207.4700000000075,48448
2026-06-12T13:00:00+00:00,4207.4700000000075,4225.900000000007,4198.0100000000075,4201.600000000007,116591
2026-06-12T14:00:00+00:00,4201.600000000007,4224.160000000007,4192.7600000000075,4219.600000000007,132695
2026-06-12T15:00:00+00:00,4219.600000000007,4251.210000000007,4215.7200000000075,4227.520000000007,98708
2026-06-12T16:00:00+00:00,4227.520000000007,4248.670000000007,4223.680000000008,4231.640000000007,84314
2026-06-12T17:00:00+00:00,4231.640000000007,4242.070000000007,4229.520000000007,4237.105000000006,57862.59482917013
2026-06-12T18:00:00+00:00,4237.105000000006,4251.035000000006,4229.785000000006,4231.295000000006,47493
2026-06-12T19:00:00+00:00,4231.295000000006,4235.285000000006,4217.605000000006,4226.515000000006,36156
2026-06-12T20:00:00+00:00,4226.515000000006,4232.765000000006,4225.145000000006,4229.205000000006,5903
2026-06-14T22:00:00+00:00,4229.205000000006,4323.315000000006,4220.805000000006,4299.465000000006,42535.215365829725
2026-06-14T23:00:00+00:00,4299.465000000006,4309.395000000006,4295.005000000006,4308.355000000006,18752
2026-06-15T00:00:00+00:00,4308.355000000006,4322.505000000006,4305.405000000006,4306.765000000006,34023
2026-06-15T01:00:00+00:00,4306.765000000006,4333.865000000006,4299.685000000006,4330.995000000006,67600
2026-06-15T02:00:00+00:00,4330.995000000006,4349.725000000006,4330.365000000006,4343.925000000006,32999
2026-06-15T03:00:00+00:00,4343.925000000006,4345.505000000006,4335.315000000006,4339.245000000006,22903
2026-06-15T04:00:00+00:00,4339.245000000006,4344.355000000006,4334.845000000006,4342.575000000006,13853
2026-06-15T05:00:00+00:00,4342.575000000006,4347.165000000006,4321.345000000006,4324.435000000006,29452
2026-06-15T06:00:00+00:00,4324.435000000006,4327.755000000006,4315.015000000006,4322.355000000006,42836
2026-06-15T07:00:00+00:00,4322.355000000006,4339.625000000006,4319.415000000006,4337.435000000006,30846
2026-06-15T08:00:00+00:00,4337.435000000006,4359.555000000006,4335.895000000006,4348.405000000006,31858
2026-06-15T09:00:00+00:00,4348.405000000006,4357.425000000006,4348.385000000006,4350.895000000006,25893
2026-06-15T10:00:00+00:00,4350.895000000006,4355.685000000006,4349.565000000006,4352.405000000006,19460
2026-06-15T11:00:00+00:00,4352.405000000006,4361.835000000006,4346.055000000006,4349.355000000006,28475
2026-06-15T12:00:00+00:00,4349.355000000006,4363.725000000006,4338.825000000006,4363.275000000006,40510
2026-06-15T13:00:00+00:00,4363.275000000006,4383.215000000006,4355.395000000006,4369.535000000006,77802
2026-06-15T14:00:00+00:00,4369.535000000006,4383.755000000006,4368.065000000006,4370.995000000006,81653
2026-06-15T15:00:00+00:00,4370.995000000006,4374.965000000006,4363.415000000006,4370.525000000006,46503
2026-06-15T16:00:00+00:00,4370.525000000006,4372.945000000006,4348.745000000006,4353.445000000006,30393
2026-06-15T17:00:00+00:00,4353.445000000006,4353.455000000006,4334.595000000006,4338.995000000006,35482
2026-06-15T18:00:00+00:00,4338.995000000006,4342.325000000006,4331.985000000006,4339.835000000006,29330
2026-06-15T19:00:00+00:00,4339.835000000006,4340.945000000006,4330.745000000006,4334.885000000006,30822
2026-06-15T20:00:00+00:00,4334.885000000006,4336.325000000006,4320.775000000006,4323.505000000006,12186
2026-06-15T22:00:00+00:00,4323.505000000006,4330.395000000006,4320.745000000006,4326.835000000006,17379.20682199441
2026-06-15T23:00:00+00:00,4326.835000000006,4334.145000000006,4326.355000000006,4330.605000000006,14614
2026-06-16T00:00:00+00:00,4330.605000000006,4335.795000000006,4321.625000000006,4334.145000000006,29218
2026-06-16T01:00:00+00:00,4334.145000000006,4341.035000000006,4326.985000000006,4328.485000000006,54303
2026-06-16T02:00:00+00:00,4328.485000000006,4335.905000000006,4322.705000000006,4333.585000000006,27030
2026-06-16T03:00:00+00:00,4333.585000000006,4348.085000000006,4330.475000000006,4345.285000000006,22533
2026-06-16T04:00:00+00:00,4345.285000000006,4347.105000000006,4336.115000000006,4337.525000000006,15656
2026-06-16T05:00:00+00:00,4337.525000000006,4345.845000000007,4329.055000000007,4330.745000000006,32228
2026-06-16T06:00:00+00:00,4330.745000000006,4339.385000000007,4328.195000000006,4338.835000000006,34624
2026-06-16T07:00:00+00:00,4338.835000000006,4350.585000000006,4337.515000000006,4350.025000000006,25633
2026-06-16T08:00:00+00:00,4350.025000000006,4362.955000000006,4347.605000000006,4362.035000000006,25504
2026-06-16T09:00:00+00:00,4362.035000000006,4363.315000000006,4353.245000000006,4360.135000000007,22612
2026-06-16T10:00:00+00:00,4360.135000000007,4363.9650000000065,4357.265000000006,4363.9650000000065,15298
2026-06-16T11:00:00+00:00,4363.9650000000065,4364.4650000000065,4350.085000000006,4355.855000000006,27089
2026-06-16T12:00:00+00:00,4355.855000000006,4369.875000000006,4352.395000000006,4369.535000000006,38048
2026-06-16T13:00:00+00:00,4369.535000000006,4369.885000000007,4346.615000000006,4346.745000000006,69693
2026-06-16T14:00:00+00:00,4346.745000000006,4353.805000000007,4328.205000000006,4339.095000000007,79978
2026-06-16T15:00:00+00:00,4339.095000000007,4358.385000000007,4335.775000000006,4350.235000000006,58927
2026-06-16T16:00:00+00:00,4350.235000000006,4362.085000000006,4349.845000000007,4355.565000000006,37322
2026-06-16T17:00:00+00:00,4355.565000000006,4356.165000000006,4340.155000000006,4355.235000000006,33539
2026-06-16T18:00:00+00:00,4355.235000000006,4357.835000000006,4351.235000000006,4353.535000000006,28478
2026-06-16T19:00:00+00:00,4353.535000000006,4357.855000000006,4345.475000000006,4349.0050000000065,28606
2026-06-16T20:00:00+00:00,4349.0050000000065,4350.015000000006,4344.425000000007,4346.025000000006,8695
2026-06-16T22:00:00+00:00,4346.025000000006,4352.345000000007,4344.815000000007,4351.675000000007,9043.855257673022
2026-06-16T23:00:00+00:00,4351.675000000007,4354.625000000006,4345.2150000000065,4346.725000000007,8144
2026-06-17T00:00:00+00:00,4346.725000000007,4357.835000000006,4344.395000000007,4353.275000000007,27468
2026-06-17T01:00:00+00:00,4353.275000000007,4365.915000000006,4350.415000000006,4357.0050000000065,37026
2026-06-17T02:00:00+00:00,4357.0050000000065,4360.725000000007,4345.815000000007,4347.555000000007,25430
2026-06-17T03:00:00+00:00,4347.555000000007,4350.315000000007,4344.795000000006,4348.195000000007,17861
2026-06-17T04:00:00+00:00,4348.195000000007,4350.245000000006,4333.595000000007,4342.9650000000065,15256
2026-06-17T05:00:00+00:00,4342.9650000000065,4350.365000000006,4337.265000000007,4342.835000000006,23771
2026-06-17T06:00:00+00:00,4342.835000000006,4347.9650000000065,4336.565000000007,4347.845000000007,27679
2026-06-17T07:00:00+00:00,4347.845000000007,4348.985000000007,4340.655000000006,4341.325000000006,19640
2026-06-17T08:00:00+00:00,4341.325000000006,4344.045000000006,4333.165000000006,4340.805000000007,25138
2026-06-17T09:00:00+00:00,4340.805000000007,4351.7550000000065,4337.395000000007,4345.635000000007,20086
2026-06-17T10:00:00+00:00,4345.635000000007,4351.405000000006,4342.665000000006,4347.5050000000065,18497
2026-06-17T11:00:00+00:00,4347.5050000000065,4348.085000000006,4337.125000000006,4339.245000000006,21669
2026-06-17T12:00:00+00:00,4339.245000000006,4351.685000000007,4336.0050000000065,4349.745000000006,26059
2026-06-17T13:00:00+00:00,4349.745000000006,4361.455000000006,4340.095000000007,4355.555000000007,49437
2026-06-17T14:00:00+00:00,4355.555000000007,4380.185000000007,4346.725000000007,4360.585000000006,83487
2026-06-17T15:00:00+00:00,4360.585000000006,4381.0050000000065,4359.905000000006,4379.605000000007,47780
2026-06-17T16:00:00+00:00,4379.605000000007,4382.685000000007,4371.165000000006,4375.515000000007,22800
2026-06-17T17:00:00+00:00,4375.515000000007,4398.655000000006,4371.305000000007,4395.765000000007,38555
2026-06-17T18:00:00+00:00,4395.765000000007,4395.765000000007,4285.555000000007,4302.315000000007,263911
2026-06-17T19:00:00+00:00,4302.315000000007,4311.545000000006,4234.875000000006,4251.925000000007,221521
2026-06-17T20:00:00+00:00,4251.925000000007,4285.735000000007,4250.7550000000065,4272.995000000006,47283
2026-06-17T22:00:00+00:00,4272.995000000006,4287.835000000006,4270.515000000007,4282.865000000007,24930.057010785822
2026-06-17T23:00:00+00:00,4282.865000000007,4300.130000000006,4280.110000000006,4293.840000000006,26251.999843175585
2026-06-18T00:00:00+00:00,4293.840000000006,4331.450000000005,4292.360000000006,4324.580000000005,53019
2026-06-18T01:00:00+00:00,4324.580000000005,4344.810000000006,4322.690000000006,4333.900000000006,56951
2026-06-18T02:00:00+00:00,4333.900000000006,4346.120000000005,4326.530000000006,4327.130000000006,36035
2026-06-18T03:00:00+00:00,4327.130000000006,4338.980000000006,4325.260000000006,4335.880000000006,25316
2026-06-18T04:00:00+00:00,4335.880000000006,4340.260000000006,4325.850000000006,4331.910000000005,20157
2026-06-18T05:00:00+00:00,4331.910000000005,4340.980000000006,4317.390000000006,4324.150000000006,38786
2026-06-18T06:00:00+00:00,4324.150000000006,4326.140000000006,4312.350000000006,4322.760000000006,48018
2026-06-18T07:00:00+00:00,4322.760000000006,4325.650000000006,4303.6700000000055,4304.760000000006,37591
2026-06-18T08:00:00+00:00,4304.760000000006,4309.240000000006,4281.7500000000055,4282.810000000006,41570
2026-06-18T09:00:00+00:00,4282.810000000006,4289.450000000005,4275.760000000006,4284.5000000000055,37807
2026-06-18T10:00:00+00:00,4284.5000000000055,4289.010000000006,4270.800000000006,4271.810000000006,33801
2026-06-18T11:00:00+00:00,4271.810000000006,4272.070000000006,4255.9600000000055,4258.080000000005,49165
2026-06-18T12:00:00+00:00,4258.080000000005,4285.350000000006,4256.550000000006,4262.910000000005,62278
2026-06-18T13:00:00+00:00,4262.910000000005,4292.800000000006,4261.120000000005,4272.800000000006,88912
2026-06-18T14:00:00+00:00,4272.800000000006,4274.260000000006,4253.130000000006,4268.4200000000055,101192
2026-06-18T15:00:00+00:00,4268.4200000000055,4271.0000000000055,4239.230000000006,4242.780000000006,89241
2026-06-18T16:00:00+00:00,4242.780000000006,4249.4200000000055,4230.160000000005,4235.620000000005,67797
2026-06-18T17:00:00+00:00,4235.620000000005,4249.340000000006,4234.6700000000055,4246.5000000000055,49709
2026-06-18T18:00:00+00:00,4246.5000000000055,4249.390000000006,4234.380000000006,4234.690000000006,37805
2026-06-18T19:00:00+00:00,4234.690000000006,4235.230000000006,4217.320000000006,4233.350000000006,50450
2026-06-18T20:00:00+00:00,4233.350000000006,4235.760000000006,4223.740000000006,4225.300000000006,14332
2026-06-18T22:00:00+00:00,4225.300000000006,4229.190000000006,4219.6300000000065,4224.370000000006,11684.059548970476
2026-06-18T23:00:00+00:00,4224.370000000006,4225.450000000006,4203.870000000006,4205.570000000006,22700
2026-06-19T00:00:00+00:00,4205.570000000006,4215.390000000007,4201.250000000006,4207.730000000006,35709
2026-06-19T01:00:00+00:00,4207.730000000006,4211.860000000006,4201.150000000006,4202.1300000000065,25960
2026-06-19T02:00:00+00:00,4202.1300000000065,4203.460000000006,4188.990000000006,4193.600000000007,25974
2026-06-19T03:00:00+00:00,4193.600000000007,4194.490000000006,4162.430000000007,4170.620000000006,30749
2026-06-19T04:00:00+00:00,4170.620000000006,4172.520000000006,4142.3400000000065,4143.000000000006,39279
2026-06-19T05:00:00+00:00,4143.000000000006,4158.780000000006,4138.910000000006,4156.980000000006,39173
2026-06-19T06:00:00+00:00,4156.980000000006,4167.870000000006,4149.900000000006,4164.950000000006,37686
2026-06-19T07:00:00+00:00,4164.950000000006,4180.010000000007,4164.800000000007,4175.200000000006,31219
2026-06-19T08:00:00+00:00,4175.200000000006,4195.730000000006,4172.430000000007,4186.470000000007,32782
2026-06-19T09:00:00+00:00,4186.470000000007,4188.250000000006,4178.240000000006,4180.240000000006,25059
2026-06-19T10:00:00+00:00,4180.240000000006,4180.510000000007,4165.300000000007,4166.980000000006,28870
2026-06-19T11:00:00+00:00,4166.980000000006,4172.160000000006,4159.170000000006,4169.930000000007,30011
2026-06-19T12:00:00+00:00,4169.930000000007,4197.170000000006,4164.430000000007,4196.100000000007,44434
2026-06-19T13:00:00+00:00,4196.100000000007,4200.270000000006,4167.5900000000065,4168.620000000006,50135
2026-06-19T14:00:00+00:00,4168.620000000006,4171.910000000006,4159.730000000006,4166.500000000006,34559
2026-06-19T15:00:00+00:00,4166.500000000006,4171.330000000006,4164.790000000006,4168.370000000006,21347
2026-06-19T16:00:00+00:00,4168.370000000006,4175.060000000006,4161.510000000007,4172.650000000006,13509.54931155314
2026-06-19T17:00:00+00:00,4172.650000000006,4173.410000000006,4155.93,4159.07,1954
2026-06-19T18:00:00+00:00,4159.07,4161,4157.38,4157.46,9096
2026-06-19T19:00:00+00:00,4157.46,4161.02,4156.75,4159.92,3292
2026-06-19T20:00:00+00:00,4159.92,4161.85,4159.92,4161.06,41
2026-06-21T22:00:00+00:00,4141.99,4149.36,4134.139999999999,4143.0599999999995,25262.168431841477
2026-06-21T23:00:00+00:00,4143.0599999999995,4151.48,4122.849999999999,4126.66,32114
2026-06-22T00:00:00+00:00,4126.66,4187.7,4126.49,4187.7,57519
2026-06-22T01:00:00+00:00,4187.7,4207.639999999999,4176.349999999999,4177.65,91922
2026-06-22T02:00:00+00:00,4177.65,4186.959999999999,4170.08,4175.0199999999995,46107
2026-06-22T03:00:00+00:00,4175.0199999999995,4176.62,4157.349999999999,4158.15,31498
2026-06-22T04:00:00+00:00,4158.15,4168.86,4157.33,4168.459999999999,21916
2026-06-22T05:00:00+00:00,4168.459999999999,4185.209999999999,4166.08,4180.37,39317
2026-06-22T06:00:00+00:00,4180.37,4194.07,4177.73,4184.28,39676
2026-06-22T07:00:00+00:00,4184.28,4188.54,4175.459999999999,4177,31843
2026-06-22T08:00:00+00:00,4177,4184.53,4175.33,4184.08,31479
2026-06-22T09:00:00+00:00,4184.08,4196.889999999999,4182.58,4194.879999999999,27840
2026-06-22T10:00:00+00:00,4194.879999999999,4200.95,4190.2,4191.419999999999,22289
2026-06-22T11:00:00+00:00,4191.419999999999,4201.98,4188.0199999999995,4193.99,33430
2026-06-22T12:00:00+00:00,4193.99,4198.629999999999,4178.879999999999,4180.15,36778
2026-06-22T13:00:00+00:00,4180.15,4192.37,4169.549999999999,4186.23,89614
2026-06-22T14:00:00+00:00,4186.23,4197.509999999999,4173.16,4184.83,102627
2026-06-22T15:00:00+00:00,4184.83,4188.03,4156.509999999999,4169.419999999999,71938
2026-06-22T16:00:00+00:00,4169.419999999999,4179.709999999999,4160.879999999999,4176.53,39927
2026-06-22T17:00:00+00:00,4176.53,4178.349999999999,4163.7699999999995,4169.82,30599
2026-06-22T18:00:00+00:00,4169.82,4179.57,4169.169999999999,4177.99,30098
2026-06-22T19:00:00+00:00,4177.99,4179.91,4170.75,4177.41,29383
2026-06-22T20:00:00+00:00,4177.41,4180.469999999999,4175.219999999999,4177.23,7810
2026-06-22T22:00:00+00:00,4177.23,4179.5599999999995,4173.12,4174.55,7466.328701997026
2026-06-22T23:00:00+00:00,4174.55,4180.29,4171.679999999999,4172.53,9489
2026-06-23T00:00:00+00:00,4172.53,4179.5,4163.23,4178.29,38504
2026-06-23T01:00:00+00:00,4178.29,4183.33,4134.95,4146.12,65522
2026-06-23T02:00:00+00:00,4146.12,4148.26,4131.3,4131.78,41457
2026-06-23T03:00:00+00:00,4131.78,4134.58,4115.69,4129.07,40086
2026-06-23T04:00:00+00:00,4129.07,4131.88,4099.36,4102.66,25672
2026-06-23T05:00:00+00:00,4102.66,4122.47,4099.97,4105.99,57807
2026-06-23T06:00:00+00:00,4105.99,4111.95,4095.1399999999994,4099.13,66975
2026-06-23T07:00:00+00:00,4099.13,4109.67,4081.42,4083.6499999999996,51018
2026-06-23T08:00:00+00:00,4083.6499999999996,4095.76,4075.58,4090.3,54178
2026-06-23T09:00:00+00:00,4090.3,4107.17,4088.75,4107.15,31297
2026-06-23T10:00:00+00:00,4107.15,4118.2699999999995,4104.46,4104.65,34973
2026-06-23T11:00:00+00:00,4104.65,4116.79,4102.23,4108.15,43752
2026-06-23T12:00:00+00:00,4108.15,4112.139999999999,4096.599999999999,4098.17,47735
2026-06-23T13:00:00+00:00,4098.17,4125.26,4090.2,4120.25,95436
2026-06-23T14:00:00+00:00,4120.25,4130.11,4107.59,4114.97,102814
2026-06-23T15:00:00+00:00,4114.97,4126.57,4108.26,4123.47,60457
2026-06-23T16:00:00+00:00,4123.47,4128.7699999999995,4116.41,4119.24,34030
2026-06-23T17:00:00+00:00,4119.24,4124.79,4112.5599999999995,4112.91,31189
2026-06-23T18:00:00+00:00,4112.91,4115.849999999999,4097.55,4102.72,32117
2026-06-23T19:00:00+00:00,4102.72,4111.07,4096.09,4096.73,48479
2026-06-23T20:00:00+00:00,4096.73,4097.66,4092.54,4096.13,11432
2026-06-23T22:00:00+00:00,4096.13,4100.51,4082.26,4089.75,23619.06110737911
2026-06-23T23:00:00+00:00,4089.75,4089.83,4066.07,4084.76,36206
2026-06-24T00:00:00+00:00,4084.76,4097.59,4079.04,4082.67,69236
2026-06-24T01:00:00+00:00,4082.67,4087.84,4053.88,4074.47,108947
2026-06-24T02:00:00+00:00,4074.47,4081.5099999999998,4037.59,4046.68,63867
2026-06-24T03:00:00+00:00,4046.68,4056.08,4035.79,4048.2,57770
2026-06-24T04:00:00+00:00,4048.2,4052.85,4040.54,4050.06,37448
2026-06-24T05:00:00+00:00,4050.06,4071.68,4046.34,4061.3,49352
2026-06-24T06:00:00+00:00,4061.3,4083.1099999999997,4061.15,4072.64,57379
2026-06-24T07:00:00+00:00,4072.64,4076.2599999999998,4059.17,4060.32,37479
2026-06-24T08:00:00+00:00,4060.32,4073.19,4058.64,4061.85,41280
2026-06-24T09:00:00+00:00,4061.85,4064.64,4049.64,4050.07,34987
2026-06-24T10:00:00+00:00,4050.07,4052.43,4039.82,4041.21,39623
2026-06-24T11:00:00+00:00,4041.21,4044.14,4023.05,4032.2,72439
2026-06-24T12:00:00+00:00,4032.2,4034.37,3973.05,3973.45,97360
2026-06-24T13:00:00+00:00,3973.45,4027.54,3950.06,4023.81,170961
2026-06-24T14:00:00+00:00,4023.81,4026.54,3988.46,3993.56,122507
2026-06-24T15:00:00+00:00,3993.56,4002.32,3982.85,3988,89730
2026-06-24T16:00:00+00:00,3988,4007.83,3980.95,3992.17,69281
2026-06-24T17:00:00+00:00,3992.17,3996.85,3958.14,3958.31,87878
2026-06-24T18:00:00+00:00,3958.31,3979.71,3944.4,3966.91,97008
2026-06-24T19:00:00+00:00,3966.91,3976.38,3958.93,3973.56,65677
2026-06-24T20:00:00+00:00,3973.56,3988.37,3970.2,3983.92,34033.14988825891
2026-06-24T22:00:00+00:00,3983.92,3997.5099999999993,3981.4099999999994,3985.0299999999997,17176.190756660566
2026-06-24T23:00:00+00:00,3985.0299999999997,4007.4299999999994,3979.2999999999997,4001.1399999999994,26277
2026-06-25T00:00:00+00:00,4001.1399999999994,4005.1499999999996,3967.1999999999994,3979.7299999999996,62996
2026-06-25T01:00:00+00:00,3979.7299999999996,3994.6699999999996,3959.7000000000003,3964.13,98578.9962474538
2026-06-25T02:00:00+00:00,3964.13,3978.94,3947.354999999999,3955.724999999999,57036.689353633796
2026-06-25T03:00:00+00:00,3955.724999999999,3973.974999999999,3939.124999999999,3968.234999999999,52879
2026-06-25T04:00:00+00:00,3968.234999999999,3970.414999999999,3956.324999999999,3968.894999999999,31647
2026-06-25T05:00:00+00:00,3968.894999999999,3972.894999999999,3953.1949999999993,3959.2149999999992,50121
2026-06-25T06:00:00+00:00,3959.2149999999992,3962.044999999999,3946.814999999999,3950.4649999999992,47483
2026-06-25T07:00:00+00:00,3950.4649999999992,3962.624999999999,3944.234999999999,3960.634999999999,39313
2026-06-25T08:00:00+00:00,3960.634999999999,3974.984999999999,3957.074999999999,3961.984999999999,42063
2026-06-25T09:00:00+00:00,3961.984999999999,3970.574999999999,3958.874999999999,3961.204999999999,30653
2026-06-25T10:00:00+00:00,3961.204999999999,3962.284999999999,3953.874999999999,3957.144999999999,21995
2026-06-25T11:00:00+00:00,3957.144999999999,3960.6749999999993,3946.4049999999993,3952.9249999999993,32535
2026-06-25T12:00:00+00:00,3952.9249999999993,3992.2149999999992,3951.624999999999,3985.484999999999,79777
2026-06-25T13:00:00+00:00,3985.484999999999,4006.754999999999,3973.724999999999,3975.094999999999,136292
2026-06-25T14:00:00+00:00,3975.094999999999,4001.764999999999,3971.6749999999993,3984.814999999999,143848
2026-06-25T15:00:00+00:00,3984.814999999999,4015.484999999999,3977.9249999999993,4014.304999999999,111945
2026-06-25T16:00:00+00:00,4014.304999999999,4016.914999999999,3996.604999999999,4001.514999999999,58686
2026-06-25T17:00:00+00:00,4001.514999999999,4009.624999999999,3999.744999999999,4007.574999999999,48998
2026-06-25T18:00:00+00:00,4007.574999999999,4016.884999999999,3998.884999999999,4007.494999999999,61205
2026-06-25T19:00:00+00:00,4007.494999999999,4016.574999999999,3994.814999999999,3999.644999999999,41296
2026-06-25T20:00:00+00:00,3999.644999999999,4007.854999999999,3997.294999999999,3999.064999999999,14084
2026-06-25T22:00:00+00:00,3999.064999999999,4007.2949999999987,3990.534999999999,3996.8349999999987,23121.491113950517
2026-06-25T23:00:00+00:00,3996.8349999999987,4001.354999999999,3983.2349999999988,3985.354999999999,23721
2026-06-26T00:00:00+00:00,3985.354999999999,3995.494999999999,3982.074999999999,3991.224999999999,54204
2026-06-26T01:00:00+00:00,3991.224999999999,4000.424999999999,3984.974999999999,3991.664999999999,67368
2026-06-26T02:00:00+00:00,3991.664999999999,3994.074999999999,3953.874999999999,3961.494999999999,54143
2026-06-26T03:00:00+00:00,3961.494999999999,3977.404999999999,3957.514999999999,3975.384999999999,44906
2026-06-26T04:00:00+00:00,3975.384999999999,3986.164999999999,3969.514999999999,3982.634999999999,33810
2026-06-26T05:00:00+00:00,3982.634999999999,3992.304999999999,3976.624999999999,3979.0049999999987,45461
2026-06-26T06:00:00+00:00,3979.0049999999987,4003.944999999999,3977.5049999999987,4002.874999999999,62176
2026-06-26T07:00:00+00:00,4002.874999999999,4010.684999999999,3997.554999999999,4001.3349999999987,33971
2026-06-26T08:00:00+00:00,4001.3349999999987,4008.4849999999988,3996.5049999999987,4001.804999999999,33139
2026-06-26T09:00:00+00:00,4001.804999999999,4025.034999999999,4000.344999999999,4017.884999999999,38008
2026-06-26T10:00:00+00:00,4017.884999999999,4025.804999999999,4013.0449999999987,4025.464999999999,28120
2026-06-26T11:00:00+00:00,4025.464999999999,4026.424999999999,4013.284999999999,4016.654999999999,29519
2026-06-26T12:00:00+00:00,4016.654999999999,4032.374999999999,4006.554999999999,4029.7949999999987,43217
2026-06-26T13:00:00+00:00,4029.7949999999987,4048.784999999999,4013.874999999999,4044.094999999999,110138
2026-06-26T14:00:00+00:00,4044.094999999999,4063.884999999999,4038.344999999999,4051.424999999999,95299
2026-06-26T15:00:00+00:00,4051.424999999999,4066.824999999999,4046.5049999999987,4061.304999999999,62539
2026-06-26T16:00:00+00:00,4061.304999999999,4064.434999999999,4052.994999999999,4055.854999999999,34444
2026-06-26T17:00:00+00:00,4055.854999999999,4058.8149999999987,4044.6699999999987,4045.6299999999987,31297.726202052105
2026-06-26T18:00:00+00:00,4045.6299999999987,4049.809999999999,4037.929999999999,4038.239999999999,23696
2026-06-26T19:00:00+00:00,4038.239999999999,4045.6099999999988,4035.499999999999,4042.739999999999,28638
2026-06-26T20:00:00+00:00,4042.739999999999,4043.8999999999987,4035.279999999999,4041.3599999999988,12060
2026-06-28T22:00:00+00:00,4041.3599999999988,4052.489999999999,4019.589999999999,4032.1999999999985,31496.609221044804
2026-06-28T23:00:00+00:00,4032.1999999999985,4036.9199999999987,4017.9799999999987,4029.3999999999987,27898
2026-06-29T00:00:00+00:00,4029.3999999999987,4040.7299999999987,4014.3899999999985,4035.7099999999987,66478
2026-06-29T01:00:00+00:00,4035.7099999999987,4041.009999999999,4019.9999999999986,4027.9199999999987,79067
2026-06-29T02:00:00+00:00,4027.9199999999987,4038.279999999999,4024.8699999999985,4032.7499999999986,54578
2026-06-29T03:00:00+00:00,4032.7499999999986,4042.2899999999986,4031.1699999999987,4035.339999999999,34284
2026-06-29T04:00:00+00:00,4035.339999999999,4035.4999999999986,4015.8799999999987,4018.8299999999986,23027
2026-06-29T05:00:00+00:00,4018.8299999999986,4023.9399999999987,4005.3799999999987,4020.7699999999986,51400
2026-06-29T06:00:00+00:00,4020.7699999999986,4031.2899999999986,4019.6299999999987,4028.6299999999987,43748
2026-06-29T07:00:00+00:00,4028.6299999999987,4035.069999999999,4022.3499999999985,4027.9999999999986,33623
2026-06-29T08:00:00+00:00,4027.9999999999986,4033.049999999999,4010.029999999999,4013.5199999999986,32077
2026-06-29T09:00:00+00:00,4013.5199999999986,4021.739999999999,3990.4499999999985,3998.029999999999,35535
2026-06-29T10:00:00+00:00,3998.029999999999,4006.239999999999,3993.9099999999985,4003.259999999999,26503
2026-06-29T11:00:00+00:00,4003.259999999999,4008.739999999999,3993.6899999999987,4005.6999999999985,27380
2026-06-29T12:00:00+00:00,4005.6999999999985,4019.0399999999986,4003.9399999999987,4010.2099999999987,35967
2026-06-29T13:00:00+00:00,4010.2099999999987,4018.1999999999985,3994.6299999999987,3998.6799999999985,70302
2026-06-29T14:00:00+00:00,3998.6799999999985,4001.9999999999986,3966.4299999999985,3992.009999999999,105572
2026-06-29T15:00:00+00:00,3992.009999999999,3996.7899999999986,3983.0999999999985,3993.4399999999987,56516
2026-06-29T16:00:00+00:00,3993.4399999999987,3995.0599999999986,3985.029999999999,3990.2499999999986,25230
2026-06-29T17:00:00+00:00,3990.2499999999986,3998.3999999999987,3985.6599999999985,3987.4099999999985,24345
2026-06-29T18:00:00+00:00,3987.4099999999985,3991.7499999999986,3978.3799999999987,3979.8299999999986,16332
2026-06-29T19:00:00+00:00,3979.8299999999986,3986.0399999999986,3971.8099999999986,3982.3599999999988,24372
2026-06-29T20:00:00+00:00,3982.3599999999988,3984.4199999999987,3979.1199999999985,3981.8899999999985,6540
2026-06-29T22:00:00+00:00,3981.8899999999985,3989.259999999999,3976.489999999999,3981.219999999999,13282.789513292684
2026-06-29T23:00:00+00:00,3981.219999999999,3989.259999999999,3980.029999999999,3981.8599999999988,14127
2026-06-30T00:00:00+00:00,3981.8599999999988,3982.2299999999987,3946.6099999999988,3953.539999999999,51815
2026-06-30T01:00:00+00:00,3953.539999999999,3954.069999999999,3908.739999999999,3935.989999999999,102352
2026-06-30T02:00:00+00:00,3935.989999999999,3940.449999999999,3919.139999999999,3929.909999999999,60741
2026-06-30T03:00:00+00:00,3929.909999999999,3938.159999999999,3926.9399999999987,3936.8799999999987,39848
2026-06-30T04:00:00+00:00,3936.8799999999987,3965.039999999999,3935.059999999999,3952.389999999999,31947
2026-06-30T05:00:00+00:00,3952.389999999999,3958.059999999999,3941.999999999999,3944.849999999999,44979
2026-06-30T06:00:00+00:00,3944.849999999999,4000.949999999999,3944.839999999999,3996.369999999999,83994
2026-06-30T07:00:00+00:00,3996.369999999999,4001.679999999999,3990.639999999999,3998.949999999999,34539
2026-06-30T08:00:00+00:00,3998.949999999999,4004.769999999999,3980.239999999999,3982.6299999999987,39414
2026-06-30T09:00:00+00:00,3982.6299999999987,3991.049999999999,3979.1299999999987,3991.049999999999,25826
2026-06-30T10:00:00+00:00,3991.049999999999,3998.2299999999987,3988.369999999999,3996.839999999999,20280
2026-06-30T11:00:00+00:00,3996.839999999999,4004.389999999999,3992.349999999999,4000.819999999999,26907
2026-06-30T12:00:00+00:00,4000.819999999999,4001.3999999999987,3975.469999999999,3976.489999999999,43120
2026-06-30T13:00:00+00:00,3976.489999999999,4000.309999999999,3975.999999999999,3996.159999999999,81332
2026-06-30T14:00:00+00:00,3996.159999999999,4030.249999999999,3991.929999999999,4004.259999999999,101204
2026-06-30T15:00:00+00:00,4004.259999999999,4006.339999999999,3988.999999999999,3996.329999999999,57272
2026-06-30T16:00:00+00:00,3996.329999999999,4000.9399999999987,3992.779999999999,3992.9799999999987,26792
2026-06-30T17:00:00+00:00,3992.9799999999987,3999.069999999999,3987.389999999999,3997.639999999999,25893
2026-06-30T18:00:00+00:00,3997.639999999999,4000.749999999999,3995.089999999999,3995.279999999999,17406
2026-06-30T19:00:00+00:00,3995.279999999999,3996.319999999999,3981.539999999999,3982.779999999999,33991
2026-06-30T20:00:00+00:00,3982.779999999999,3988.159999999999,3973.429999999999,3974.639999999999,12328
2026-06-30T22:00:00+00:00,3974.639999999999,3985.149999999999,3973.4899999999993,3980.4099999999994,13149.962424053148
2026-06-30T23:00:00+00:00,3980.4099999999994,3985.649999999999,3972.5899999999992,3972.959999999999,16474
2026-07-01T00:00:00+00:00,3972.959999999999,3976.9699999999993,3960.229999999999,3963.8899999999994,35898
2026-07-01T01:00:00+00:00,3963.8899999999994,3967.0299999999993,3940.859999999999,3945.209999999999,67355
2026-07-01T02:00:00+00:00,3945.209999999999,3953.3699999999994,3937.5499999999993,3946.539999999999,39899
2026-07-01T03:00:00+00:00,3946.539999999999,3954.3699999999994,3943.7999999999993,3947.749999999999,23897
2026-07-01T04:00:00+00:00,3947.749999999999,3950.269999999999,3939.649999999999,3943.8899999999994,18015
2026-07-01T05:00:00+00:00,3943.8899999999994,3946.1599999999994,3936.7999999999993,3941.3199999999993,33458
2026-07-01T06:00:00+00:00,3941.3199999999993,3944.709999999999,3930.3499999999995,3939.0099999999993,38971
2026-07-01T07:00:00+00:00,3939.0099999999993,3945.729999999999,3927.1999999999994,3943.2599999999993,35991
2026-07-01T08:00:00+00:00,3943.2599999999993,3951.769999999999,3936.5999999999995,3941.7999999999993,27228
2026-07-01T09:00:00+00:00,3941.7999999999993,3953.3699999999994,3939.9299999999994,3951.669999999999,21088
2026-07-01T10:00:00+00:00,3951.669999999999,3965.7399999999993,3948.399999999999,3965.7199999999993,20225
2026-07-01T11:00:00+00:00,3965.7199999999993,4002.8299999999995,3965.1999999999994,3997.689999999999,40548
2026-07-01T12:00:00+00:00,3997.689999999999,4001.2799999999993,3986.609999999999,3990.0799999999995,52185
2026-07-01T13:00:00+00:00,3990.0799999999995,4075.4299999999994,3979.8499999999995,4056.5999999999995,134913
2026-07-01T14:00:00+00:00,4056.5999999999995,4083.239999999999,4050.2199999999993,4060.5299999999993,110565
2026-07-01T15:00:00+00:00,4060.5299999999993,4061.8899999999994,4043.919999999999,4048.2999999999993,57878
2026-07-01T16:00:00+00:00,4048.2999999999993,4055.6799999999994,4037.709999999999,4038.479999999999,37076
2026-07-01T17:00:00+00:00,4038.479999999999,4040.8499999999995,4034.499999999999,4035.4099999999994,29991
2026-07-01T18:00:00+00:00,4035.4099999999994,4037.9099999999994,4024.999999999999,4029.4499999999994,27933
2026-07-01T19:00:00+00:00,4029.4499999999994,4035.5799999999995,4001.5499999999993,4006.0499999999993,29592
2026-07-01T20:00:00+00:00,4006.0499999999993,4006.999999999999,3995.8099999999995,3998.0599999999995,17270
2026-07-01T22:00:00+00:00,3998.0599999999995,4012.2799999999993,3997.119999999999,4012.139999999999,11808.869162875233
2026-07-01T23:00:00+00:00,4012.139999999999,4012.2799999999993,4000.579999999999,4002.3999999999987,14279.032120303484
2026-07-02T00:00:00+00:00,4002.3999999999987,4020.1899999999987,3998.179999999999,4019.3799999999987,43848
2026-07-02T01:00:00+00:00,4019.3799999999987,4036.1099999999988,4012.659999999999,4017.569999999999,61577
2026-07-02T02:00:00+00:00,4017.569999999999,4028.4999999999986,4008.6299999999987,4024.509999999999,41010
2026-07-02T03:00:00+00:00,4024.509999999999,4041.679999999999,4022.9799999999987,4037.449999999999,31037
2026-07-02T04:00:00+00:00,4037.449999999999,4040.489999999999,4027.909999999999,4028.319999999999,20127
2026-07-02T05:00:00+00:00,4028.319999999999,4035.1499999999987,4020.6699999999987,4033.519999999999,40053
2026-07-02T06:00:00+00:00,4033.519999999999,4047.269999999999,4033.179999999999,4040.719999999999,48940
2026-07-02T07:00:00+00:00,4040.719999999999,4042.9999999999986,4028.2099999999987,4031.659999999999,38286
2026-07-02T08:00:00+00:00,4031.659999999999,4047.569999999999,4028.619999999999,4043.519999999999,37229
2026-07-02T09:00:00+00:00,4043.519999999999,4044.569999999999,4031.319999999999,4032.789999999999,28730
2026-07-02T10:00:00+00:00,4032.789999999999,4036.119999999999,4029.069999999999,4033.819999999999,23314
2026-07-02T11:00:00+00:00,4033.819999999999,4039.619999999999,4024.6499999999987,4032.6299999999987,30526
2026-07-02T12:00:00+00:00,4032.6299999999987,4107.94,4028.7499999999986,4085.079999999999,106183
2026-07-02T13:00:00+00:00,4085.079999999999,4111.5199999999995,4076.699999999999,4103.959999999999,125650
2026-07-02T14:00:00+00:00,4103.959999999999,4105.61,4081.3499999999995,4096.039999999999,114677
2026-07-02T15:00:00+00:00,4096.039999999999,4099.039999999999,4082.1499999999996,4095.7999999999993,76767
2026-07-02T16:00:00+00:00,4095.7999999999993,4097.73,4067.7999999999993,4085.5199999999995,57762
2026-07-02T17:00:00+00:00,4085.5199999999995,4087.2599999999993,4073.199999999999,4074.2299999999996,51592
2026-07-02T18:00:00+00:00,4074.2299999999996,4094.539999999999,4073.2999999999993,4090.0499999999993,45150
2026-07-02T19:00:00+00:00,4090.0499999999993,4091.8899999999994,4075.5899999999992,4088.789999999999,38294
2026-07-02T20:00:00+00:00,4088.789999999999,4092.579999999999,4083.7599999999993,4089.369999999999,10690
2026-07-02T22:00:00+00:00,4089.369999999999,4094.0499999999993,4086.789999999999,4090.239999999999,7415.5898332377465
2026-07-02T23:00:00+00:00,4090.239999999999,4099.449999999999,4086.709999999999,4091.8999999999987,20059
2026-07-03T00:00:00+00:00,4126.15,4150.95,4122.58,4147.1,55335
2026-07-03T01:00:00+00:00,4147.1,4195.42,4146.22,4182.31,80483
2026-07-03T02:00:00+00:00,4182.31,4186.95,4176.31,4183.25,35531
2026-07-03T03:00:00+00:00,4183.25,4184.41,4175.13,4175.97,23259
2026-07-03T04:00:00+00:00,4175.97,4182.91,4172.93,4178.85,14723
2026-07-03T05:00:00+00:00,4178.85,4181.82,4169.03,4171.17,27514
2026-07-03T06:00:00+00:00,4171.17,4174.37,4160.5,4172.94,35463
2026-07-03T07:00:00+00:00,4172.94,4181.55,4169.12,4177.45,23911
2026-07-03T08:00:00+00:00,4177.45,4186.55,4176.69,4180.97,23182
2026-07-03T09:00:00+00:00,4180.97,4181.85,4168.34,4171.84,20195
2026-07-03T10:00:00+00:00,4171.84,4181.23,4170.51,4177.11,12650
2026-07-03T11:00:00+00:00,4177.11,4186.26,4175.5,4180.95,14753
2026-07-03T12:00:00+00:00,4180.95,4183.2,4172.07,4176.71,18351
2026-07-03T13:00:00+00:00,4176.71,4179.27,4163.46,4164.66,34318
2026-07-03T14:00:00+00:00,4164.66,4171.23,4155.28,4169.72,24918
2026-07-03T15:00:00+00:00,4169.72,4174.34,4164.41,4164.75,16583
2026-07-03T16:00:00+00:00,4164.75,4176.39,4162.82,4174.8,13821
2026-07-03T17:00:00+00:00,4174.8,4174.85,4174.06,4174.44,110
2026-07-05T22:00:00+00:00,4174.44,4191.709999999999,4173.03,4188.139999999999,24488.323263818587
2026-07-05T23:00:00+00:00,4188.139999999999,4202.32,4177.169999999999,4183.28,28224
2026-07-06T00:00:00+00:00,4183.28,4189.389999999999,4170.339999999999,4179.969999999999,60303
2026-07-06T01:00:00+00:00,4179.969999999999,4203.509999999999,4172.61,4186.409999999999,77574
2026-07-06T02:00:00+00:00,4186.409999999999,4188.259999999999,4168.659999999999,4174.549999999999,53834
2026-07-06T03:00:00+00:00,4174.549999999999,4176.909999999999,4161.339999999999,4165.679999999999,33951
2026-07-06T04:00:00+00:00,4165.679999999999,4166.959999999999,4157.61,4160.039999999999,20854
2026-07-06T05:00:00+00:00,4160.039999999999,4161.469999999999,4144.879999999999,4148.07,37574
2026-07-06T06:00:00+00:00,4148.07,4159.9,4145.99,4150.8099999999995,32282
2026-07-06T07:00:00+00:00,4150.8099999999995,4166.679999999999,4147.469999999999,4164.69,27682
2026-07-06T08:00:00+00:00,4164.69,4166.3099999999995,4147.57,4150.82,23613
2026-07-06T09:00:00+00:00,4150.82,4151.719999999999,4136.57,4143.61,23712
2026-07-06T10:00:00+00:00,4143.61,4156.24,4142.539999999999,4155.28,18965
2026-07-06T11:00:00+00:00,4155.28,4159.999999999999,4151.8099999999995,4155.7,22329
2026-07-06T12:00:00+00:00,4155.7,4158.849999999999,4131.849999999999,4139.929999999999,37766
2026-07-06T13:00:00+00:00,4139.929999999999,4150.86,4136.4,4140.869999999999,61904
2026-07-06T14:00:00+00:00,4140.869999999999,4147.53,4128.759999999999,4138.549999999999,58664
2026-07-06T15:00:00+00:00,4138.549999999999,4152.419999999999,4137.869999999999,4148.629999999999,35395
2026-07-06T16:00:00+00:00,4148.629999999999,4156.659999999999,4140.619999999999,4155.36,25593
2026-07-06T17:00:00+00:00,4155.36,4162.03,4150.639999999999,4161.509999999999,32992
2026-07-06T18:00:00+00:00,4161.509999999999,4167.94,4155.719999999999,4164.219999999999,22103
2026-07-06T19:00:00+00:00,4164.219999999999,4165.909999999999,4159.139999999999,4164.099999999999,22450
2026-07-06T20:00:00+00:00,4164.099999999999,4166.099999999999,4161.03,4164.749999999999,6892
2026-07-06T22:00:00+00:00,4164.749999999999,4169.03,4162.789999999999,4164.549999999999,7524.843586463542
2026-07-06T23:00:00+00:00,4164.549999999999,4166.36,4157.299999999999,4157.79,10892
2026-07-07T00:00:00+00:00,4157.79,4163.19,4145.75,4146.639999999999,40909
2026-07-07T01:00:00+00:00,4146.639999999999,4148.599999999999,4126.15,4142.44,59216
2026-07-07T02:00:00+00:00,4142.44,4145.92,4131.799999999999,4137.17,30734
2026-07-07T03:00:00+00:00,4137.17,4140.63,4124.969999999999,4131.599999999999,29235
2026-07-07T04:00:00+00:00,4131.599999999999,4141.98,4126.58,4127.36,21415
2026-07-07T05:00:00+00:00,4127.36,4131.99,4117.04,4124.3099999999995,46740
2026-07-07T06:00:00+00:00,4124.3099999999995,4133.33,4122.13,4131.03,34704
2026-07-07T07:00:00+00:00,4131.03,4134.08,4124.99,4125.41,25860
2026-07-07T08:00:00+00:00,4125.41,4139.8099999999995,4122.42,4126.639999999999,29832
2026-07-07T09:00:00+00:00,4126.639999999999,4134.42,4120.339999999999,4131.67,25275
2026-07-07T10:00:00+00:00,4131.67,4139.42,4131.65,4136.219999999999,19892
2026-07-07T11:00:00+00:00,4136.219999999999,4158.5,4132.2,4157.3099999999995,28513
2026-07-07T12:00:00+00:00,4157.3099999999995,4175.74,4155.139999999999,4172.91,45387
2026-07-07T13:00:00+00:00,4172.91,4181.12,4156.57,4159.21,84442
2026-07-07T14:00:00+00:00,4159.21,4164.42,4144.07,4154.719999999999,94090
2026-07-07T15:00:00+00:00,4154.719999999999,4156.2699999999995,4136.36,4139.5,67813
2026-07-07T16:00:00+00:00,4139.5,4147.759999999999,4137.5,4145.7,34297
2026-07-07T17:00:00+00:00,4145.7,4148.8099999999995,4141.12,4145.12,29748
2026-07-07T18:00:00+00:00,4145.12,4145.849999999999,4125.599999999999,4127.599999999999,48067
2026-07-07T19:00:00+00:00,4127.599999999999,4128.429999999999,4092.8599999999997,4114.75,75160
2026-07-07T20:00:00+00:00,4114.75,4116.41,4104.179999999999,4106.24,14976
2026-07-07T22:00:00+00:00,4106.24,4111.3,4091.6,4096.66,16655.942418182396
2026-07-07T23:00:00+00:00,4096.66,4105.92,4093.94,4096.63,22213
2026-07-08T00:00:00+00:00,4096.63,4124.91,4094.92,4109.64,65076
2026-07-08T01:00:00+00:00,4109.64,4115.92,4094.37,4109.3,92443
2026-07-08T02:00:00+00:00,4109.3,4123.0599999999995,4103.87,4112.62,51143
2026-07-08T03:00:00+00:00,4112.62,4129.22,4112.55,4121.58,39107
2026-07-08T04:00:00+00:00,4121.58,4126.95,4118.37,4123.25,30460
2026-07-08T05:00:00+00:00,4123.25,4132.13,4119.17,4125.86,51704
2026-07-08T06:00:00+00:00,4125.86,4131.68,4120.14,4121.69,45825
2026-07-08T07:00:00+00:00,4121.69,4125.349999999999,4112.78,4119.43,35979
2026-07-08T08:00:00+00:00,4119.43,4119.48,4050.18,4054.94,133272
2026-07-08T09:00:00+00:00,4054.94,4059.13,4039.42,4041.3599999999997,81088
2026-07-08T10:00:00+00:00,4041.3599999999997,4056.66,4038.48,4051.2,51239
2026-07-08T11:00:00+00:00,4051.2,4070.8599999999997,4039.43,4060.25,61425
2026-07-08T12:00:00+00:00,4060.25,4084.45,4056.9,4070.5499999999997,79170
2026-07-08T13:00:00+00:00,4070.5499999999997,4081.27,4063.21,4068.74,132550
2026-07-08T14:00:00+00:00,4068.74,4069.5499999999997,4031.71,4038.83,127299
2026-07-08T15:00:00+00:00,4038.83,4041.92,4019.5499999999997,4032.29,102660
2026-07-08T16:00:00+00:00,4032.29,4062.52,4031.16,4061.62,81137
2026-07-08T17:00:00+00:00,4061.62,4074.5699999999997,4057.62,4063.33,57120
2026-07-08T18:00:00+00:00,4063.33,4089.67,4061.17,4082.44,67364
2026-07-08T19:00:00+00:00,4082.44,4089.29,4076.37,4077.92,52098
2026-07-08T20:00:00+00:00,4077.92,4081.68,4069.52,4073.39,20420
2026-07-08T22:00:00+00:00,4073.39,4076.86,4069.2799999999997,4073.66,14944.630077924132
2026-07-08T23:00:00+00:00,4073.66,4074.9100000000003,4068.53,4073.2700000000004,13897.98978696522
2026-07-09T00:00:00+00:00,4073.2700000000004,4086.8900000000003,4067.2000000000003,4070.67,45584
2026-07-09T01:00:00+00:00,4070.67,4075.82,4059.1200000000003,4069.7200000000003,58279
2026-07-09T02:00:00+00:00,4069.7200000000003,4079.7400000000002,4061.4,4061.94,34928
2026-07-09T03:00:00+00:00,4061.94,4064.5800000000004,4051.2000000000003,4061.0800000000004,32028
2026-07-09T04:00:00+00:00,4061.0800000000004,4061.5600000000004,4053.2500000000005,4061.2500000000005,20745
2026-07-09T05:00:00+00:00,4061.2500000000005,4081.21,4060.5600000000004,4078.76,43354
2026-07-09T06:00:00+00:00,4078.76,4105.1,4078.1800000000003,4104.950000000001,52148
2026-07-09T07:00:00+00:00,4104.950000000001,4108.170000000001,4098.410000000001,4104.910000000001,31174
2026-07-09T08:00:00+00:00,4104.910000000001,4114.710000000001,4102.150000000001,4105.14,31661
2026-07-09T09:00:00+00:00,4105.14,4109.420000000001,4100.120000000001,4103.2300000000005,25823
2026-07-09T10:00:00+00:00,4103.2300000000005,4107.130000000001,4090.5900000000006,4096.080000000001,24275
2026-07-09T11:00:00+00:00,4096.080000000001,4107.540000000001,4094.6900000000005,4105.68,29414
2026-07-09T12:00:00+00:00,4105.68,4119.550000000001,4102.080000000001,4104.630000000001,46013
2026-07-09T13:00:00+00:00,4104.630000000001,4126.550000000001,4103.670000000001,4118.89,69614
2026-07-09T14:00:00+00:00,4118.89,4133.420000000001,4111.070000000001,4124.630000000001,68777
2026-07-09T15:00:00+00:00,4124.630000000001,4129.750000000001,4121.650000000001,4123.900000000001,39670
2026-07-09T16:00:00+00:00,4123.900000000001,4135.040000000001,4122.530000000001,4124.910000000001,29429
2026-07-09T17:00:00+00:00,4124.910000000001,4135.000000000001,4121.97,4133.1900000000005,31771
2026-07-09T18:00:00+00:00,4133.1900000000005,4133.370000000001,4118.410000000001,4121.460000000001,22056
2026-07-09T19:00:00+00:00,4121.460000000001,4123.89,4115.670000000001,4119.450000000001,20810
2026-07-09T20:00:00+00:00,4119.450000000001,4122.570000000001,4117.570000000001,4120.340000000001,7288
2026-07-09T22:00:00+00:00,4120.340000000001,4123.910000000001,4117.790000000001,4117.800000000001,8423.351795392955
2026-07-09T23:00:00+00:00,4117.800000000001,4121.300000000001,4116.990000000001,4119.770000000001,7039
2026-07-10T00:00:00+00:00,4119.770000000001,4124.500000000001,4110.740000000001,4122.420000000001,27531
2026-07-10T01:00:00+00:00,4122.420000000001,4127.350000000001,4104.8600000000015,4113.0700000000015,49624
2026-07-10T02:00:00+00:00,4113.0700000000015,4125.3600000000015,4112.3200000000015,4124.000000000001,28225
2026-07-10T03:00:00+00:00,4124.000000000001,4131.130000000001,4115.5700000000015,4116.530000000001,22249
2026-07-10T04:00:00+00:00,4116.530000000001,4117.380000000001,4108.250000000001,4111.3200000000015,14831
2026-07-10T05:00:00+00:00,4111.3200000000015,4113.4000000000015,4104.3200000000015,4112.740000000001,29292
2026-07-10T06:00:00+00:00,4112.740000000001,4116.310000000001,4107.240000000001,4107.940000000001,28524
2026-07-10T07:00:00+00:00,4107.940000000001,4111.720000000001,4100.590000000001,4105.170000000001,20704
2026-07-10T08:00:00+00:00,4105.170000000001,4105.850000000001,4091.130000000001,4094.120000000001,24066
2026-07-10T09:00:00+00:00,4094.120000000001,4101.760000000001,4090.570000000001,4100.6500000000015,17741
2026-07-10T10:00:00+00:00,4100.6500000000015,4109.040000000001,4100.410000000001,4101.000000000001,16368
2026-07-10T11:00:00+00:00,4101.000000000001,4104.490000000001,4092.3500000000013,4098.530000000001,20721
2026-07-10T12:00:00+00:00,4098.530000000001,4113.600000000001,4093.710000000001,4096.880000000001,39422
2026-07-10T13:00:00+00:00,4096.880000000001,4102.940000000001,4081.770000000001,4096.180000000001,57695
2026-07-10T14:00:00+00:00,4096.180000000001,4105.270000000001,4068.6400000000012,4089.040000000001,90025
2026-07-10T15:00:00+00:00,4089.040000000001,4109.660000000001,4087.540000000001,4109.270000000001,56813
2026-07-10T16:00:00+00:00,4109.270000000001,4111.680000000001,4100.3600000000015,4100.450000000001,30827
2026-07-10T17:00:00+00:00,4100.450000000001,4103.1100000000015,4096.565,4096.975,25726.287322862067
2026-07-10T18:00:00+00:00,4096.975,4101.8550000000005,4094.375,4097.475,18980
2026-07-10T19:00:00+00:00,4097.475,4105.435,4094.075,4104.3550000000005,15174
2026-07-10T20:00:00+00:00,4104.3550000000005,4111.325,4104.295,4107.845,6642
2026-07-12T22:00:00+00:00,4107.845,4108.6050000000005,4064.0350000000003,4071.5350000000003,24992.829588138386
2026-07-12T23:00:00+00:00,4071.5350000000003,4079.885,4063.295,4079.6850000000004,30900
2026-07-13T00:00:00+00:00,4079.6850000000004,4086.2650000000003,4056.0350000000003,4069.215,61144
2026-07-13T01:00:00+00:00,4069.215,4085.005,4060.635,4067.665,87156
2026-07-13T02:00:00+00:00,4067.665,4072.635,4059.655,4063.5950000000003,54983
2026-07-13T03:00:00+00:00,4063.5950000000003,4064.485,4048.1850000000004,4055.6850000000004,36319
2026-07-13T04:00:00+00:00,4055.6850000000004,4055.695,4045.235,4054.005,25009
2026-07-13T05:00:00+00:00,4054.005,4068.385,4047.125,4048.715,52069
2026-07-13T06:00:00+00:00,4048.715,4058.715,4038.8250000000003,4050.6850000000004,51170
2026-07-13T07:00:00+00:00,4050.6850000000004,4060.3050000000003,4044.085,4060.0550000000003,34027
2026-07-13T08:00:00+00:00,4060.0550000000003,4075.925,4058.275,4069.735,41444
2026-07-13T09:00:00+00:00,4069.735,4071.875,4063.2450000000003,4063.385,25664
2026-07-13T10:00:00+00:00,4063.385,4065.645,4041.5750000000003,4055.8050000000003,31219
2026-07-13T11:00:00+00:00,4055.8050000000003,4063.5550000000003,4050.0150000000003,4051.565,37154
2026-07-13T12:00:00+00:00,4051.565,4062.655,4048.6850000000004,4062.4350000000004,41781
2026-07-13T13:00:00+00:00,4062.4350000000004,4062.6850000000004,4036.635,4038.505,92959
2026-07-13T14:00:00+00:00,4038.505,4042.065,3994.665,4010.335,130626
2026-07-13T15:00:00+00:00,4010.335,4015.5350000000003,4005.3650000000002,4011.165,63638
2026-07-13T16:00:00+00:00,4011.165,4013.125,3981.565,3988.2850000000003,76708
2026-07-13T17:00:00+00:00,3988.2850000000003,3997.135,3987.045,3988.3450000000003,55388
2026-07-13T18:00:00+00:00,3988.3450000000003,4000.3050000000003,3981.795,3996.5150000000003,56297
2026-07-13T19:00:00+00:00,3996.5150000000003,3999.565,3988.605,3997.025,46313
2026-07-13T20:00:00+00:00,3997.025,4001.375,3991.3250000000003,3996.665,18035
2026-07-13T22:00:00+00:00,3996.665,4005.4049999999997,3996.665,4000.395,11513.632734530938
2026-07-13T23:00:00+00:00,4000.395,4002.525,3991.725,4000.615,20247
2026-07-14T00:00:00+00:00,4000.615,4006.805,3982.605,4003.605,80625
2026-07-14T01:00:00+00:00,4003.605,4011.6349999999998,3991.4849999999997,4009.9649999999997,75480
2026-07-14T02:00:00+00:00,4009.9649999999997,4018.595,4005.375,4011.775,41735
2026-07-14T03:00:00+00:00,4011.775,4018.565,4010.555,4016.3849999999998,29388
2026-07-14T04:00:00+00:00,4016.3849999999998,4022.865,4012.815,4019.575,20564
2026-07-14T05:00:00+00:00,4019.575,4033.265,4019.055,4030.685,30131
2026-07-14T06:00:00+00:00,4030.685,4032.575,4021.075,4023.4649999999997,31477
2026-07-14T07:00:00+00:00,4023.4649999999997,4029.335,4019.525,4020.115,33667
2026-07-14T08:00:00+00:00,4020.115,4023.335,4013.845,4015.345,32728
2026-07-14T09:00:00+00:00,4015.345,4023.915,4013.185,4021.165,29571
2026-07-14T10:00:00+00:00,4021.165,4022.345,4014.555,4021.185,25980
2026-07-14T11:00:00+00:00,4021.185,4031.475,4014.815,4030.6349999999998,34856
2026-07-14T12:00:00+00:00,4030.6349999999998,4103.085,4022.645,4075.6549999999997,99370
2026-07-14T13:00:00+00:00,4075.6549999999997,4088.045,4070.315,4075.895,109973
2026-07-14T14:00:00+00:00,4075.895,4089.9649999999997,4070.125,4084.505,106730
2026-07-14T15:00:00+00:00,4084.505,4100.155,4063.915,4065.565,81000
2026-07-14T16:00:00+00:00,4065.565,4066.4649999999997,4057.095,4060.995,44439
2026-07-14T17:00:00+00:00,4060.995,4064.495,4053.515,4062.1749999999997,31190
2026-07-14T18:00:00+00:00,4062.1749999999997,4062.6349999999998,4042.415,4053.6349999999998,35989
2026-07-14T19:00:00+00:00,4053.6349999999998,4056.915,4046.9449999999997,4055.1749999999997,30442
2026-07-14T20:00:00+00:00,4055.1749999999997,4055.825,4048.255,4051.4849999999997,10039
2026-07-14T22:00:00+00:00,4051.4849999999997,4051.6050000000005,4046.5250000000005,4047.0650000000005,11392.930504837555
2026-07-14T23:00:00+00:00,4047.0650000000005,4054.1850000000004,4044.6450000000004,4050.9850000000006,13435
2026-07-15T00:00:00+00:00,4050.9850000000006,4058.7750000000005,4048.9650000000006,4057.0750000000007,32295
2026-07-15T01:00:00+00:00,4057.0750000000007,4060.1650000000004,4033.5850000000005,4035.2250000000004,55501
2026-07-15T02:00:00+00:00,4035.2250000000004,4040.1450000000004,4027.2850000000003,4033.1850000000004,35251
2026-07-15T03:00:00+00:00,4033.1850000000004,4038.4850000000006,4025.9250000000006,4029.2650000000003,25144
2026-07-15T04:00:00+00:00,4029.2650000000003,4033.2250000000004,4026.0750000000007,4031.1450000000004,15105
2026-07-15T05:00:00+00:00,4031.1450000000004,4034.6550000000007,4019.7850000000003,4032.6550000000007,33838
2026-07-15T06:00:00+00:00,4032.6550000000007,4033.1950000000006,4019.2950000000005,4030.1050000000005,36986
2026-07-15T07:00:00+00:00,4030.1050000000005,4032.3150000000005,4017.6950000000006,4022.5450000000005,31946
2026-07-15T08:00:00+00:00,4022.5450000000005,4031.1850000000004,4015.3350000000005,4029.1650000000004,32912
2026-07-15T09:00:00+00:00,4029.1650000000004,4032.2950000000005,4023.5050000000006,4028.3350000000005,23750
2026-07-15T10:00:00+00:00,4028.3350000000005,4033.9450000000006,4024.5250000000005,4025.9950000000003,28322
2026-07-15T11:00:00+00:00,4025.9950000000003,4038.2550000000006,4025.6150000000007,4036.3150000000005,27942
2026-07-15T12:00:00+00:00,4036.3150000000005,4069.6150000000007,4033.8950000000004,4065.8150000000005,57971
2026-07-15T13:00:00+00:00,4065.8150000000005,4072.1850000000004,4051.9950000000003,4059.7250000000004,73094
2026-07-15T14:00:00+00:00,4059.7250000000004,4063.9050000000007,4051.2450000000003,4058.5750000000007,76271
2026-07-15T15:00:00+00:00,4058.5750000000007,4061.0150000000003,4037.4450000000006,4044.9750000000004,63616
2026-07-15T16:00:00+00:00,4044.9750000000004,4045.9550000000004,4024.7750000000005,4031.7150000000006,65564
2026-07-15T17:00:00+00:00,4031.7150000000006,4064.2450000000003,4030.9850000000006,4060.2950000000005,51454
2026-07-15T18:00:00+00:00,4060.2950000000005,4079.385,4055.7850000000003,4057.125,46359.55199436973
2026-07-15T19:00:00+00:00,4057.125,4060.895,4045.7250000000004,4054.945,41207
2026-07-15T20:00:00+00:00,4054.945,4061.005,4053.165,4057.7650000000003,10672
2026-07-15T22:00:00+00:00,4057.7650000000003,4064.8650000000002,4057.465,4059.1650000000004,10836.33721350431
2026-07-15T23:00:00+00:00,4059.1650000000004,4061.6850000000004,4055.0550000000003,4057.5750000000003,13125
2026-07-16T00:00:00+00:00,4057.5750000000003,4060.8250000000003,4043.465,4044.255,33360
2026-07-16T01:00:00+00:00,4044.255,4050.255,4033.705,4038.775,58034
2026-07-16T02:00:00+00:00,4038.775,4039.855,4023.935,4031.125,37758
2026-07-16T03:00:00+00:00,4031.125,4036.635,4027.475,4035.975,25728
2026-07-16T04:00:00+00:00,4035.975,4037.695,4031.525,4032.7650000000003,13332
2026-07-16T05:00:00+00:00,4032.7650000000003,4033.605,4025.0350000000003,4027.025,38531
2026-07-16T06:00:00+00:00,4027.025,4036.1150000000002,4022.665,4030.235,43248
2026-07-16T07:00:00+00:00,4030.235,4031.435,4022.675,4030.315,31691
2026-07-16T08:00:00+00:00,4030.315,4036.295,4025.0550000000003,4034.905,30963
2026-07-16T09:00:00+00:00,4034.905,4037.255,4029.9950000000003,4031.2650000000003,22411
2026-07-16T10:00:00+00:00,4031.2650000000003,4034.565,4028.395,4029.3050000000003,20801
2026-07-16T11:00:00+00:00,4029.3050000000003,4042.225,4020.905,4038.0550000000003,42551
2026-07-16T12:00:00+00:00,4038.0550000000003,4043.0350000000003,3990.0150000000003,3991.815,83906
2026-07-16T13:00:00+00:00,3991.815,4007.9950000000003,3973.225,3989.545,108579
2026-07-16T14:00:00+00:00,3989.545,4006.2850000000003,3986.715,3997.5750000000003,93052
2026-07-16T15:00:00+00:00,3997.5750000000003,4016.6150000000002,3988.985,4006.665,68831
2026-07-16T16:00:00+00:00,4006.665,4007.3050000000003,3982.165,3991.665,67138
2026-07-16T17:00:00+00:00,3991.665,3992.545,3979.875,3984.105,53989
2026-07-16T18:00:00+00:00,3984.105,3990.0950000000003,3976.235,3980.045,52735
2026-07-16T19:00:00+00:00,3980.045,3985.645,3968.8450000000003,3979.655,52261
2026-07-16T20:00:00+00:00,3979.655,3979.755,3971.5950000000003,3975.505,13242
2026-07-16T22:00:00+00:00,3975.505,3981.9349999999995,3974.6849999999995,3979.9349999999995,11283.011791878118
2026-07-16T23:00:00+00:00,3979.9349999999995,3987.9749999999995,3977.0149999999994,3987.4449999999997,18670
2026-07-17T00:00:00+00:00,3987.4449999999997,3993.5049999999997,3982.1249999999995,3993.2549999999997,49036
2026-07-17T01:00:00+00:00,3993.2549999999997,3997.6349999999998,3980.6549999999997,3984.6649999999995,71669
2026-07-17T02:00:00+00:00,3984.6649999999995,3988.9249999999997,3972.2049999999995,3980.8249999999994,49812
2026-07-17T03:00:00+00:00,3980.8249999999994,4010.1049999999996,3980.4149999999995,3993.0449999999996,46641
2026-07-17T04:00:00+00:00,3993.0449999999996,3993.2249999999995,3981.7549999999997,3983.3849999999998,27539
2026-07-17T05:00:00+00:00,3983.3849999999998,3992.9249999999997,3976.8749999999995,3986.6649999999995,51748
2026-07-17T06:00:00+00:00,3986.6649999999995,4008.5849999999996,3986.6649999999995,4000.865,56742
2026-07-17T07:00:00+00:00,4000.865,4003.9149999999995,3994.2249999999995,3994.345,41033
2026-07-17T08:00:00+00:00,3994.345,4001.3349999999996,3989.5049999999997,3995.6849999999995,48434
2026-07-17T09:00:00+00:00,3995.6849999999995,4004.0149999999994,3994.2949999999996,3999.5749999999994,35072
2026-07-17T10:00:00+00:00,3999.5749999999994,4000.7249999999995,3992.0849999999996,3992.4449999999997,27651
2026-07-17T11:00:00+00:00,3992.4449999999997,4000.4049999999997,3991.4949999999994,3995.5449999999996,33147
2026-07-17T12:00:00+00:00,3995.5449999999996,3997.1749999999997,3965.615,3967.5449999999996,53273
2026-07-17T13:00:00+00:00,3967.5449999999996,4004.7149999999997,3961.115,3998.3749999999995,130584
2026-07-17T14:00:00+00:00,3998.3749999999995,4006.0049999999997,3991.8149999999996,4002.7249999999995,105166
2026-07-17T15:00:00+00:00,4002.7249999999995,4022.7549999999997,3999.2749999999996,4020.7449999999994,81862
2026-07-17T16:00:00+00:00,4020.7449999999994,4025.2649999999994,4012.4949999999994,4016.5549999999994,54757
2026-07-17T17:00:00+00:00,4016.5549999999994,4020.6349999999998,4009.9649999999997,4011.5249999999996,34301
2026-07-17T18:00:00+00:00,4011.5249999999996,4017.615,4008.115,4012.7349999999997,34894
2026-07-17T19:00:00+00:00,4012.7349999999997,4018.1449999999995,4003.8749999999995,4016.9149999999995,36355
2026-07-17T20:00:00+00:00,4016.9149999999995,4017.3149999999996,4010.0449999999996,4014.8849999999998,10030
2026-07-19T22:00:00+00:00,4014.8849999999998,4020.484999999999,4006.164999999999,4007.6949999999993,20529.10871571086
2026-07-19T23:00:00+00:00,4007.6949999999993,4009.354999999999,4002.394999999999,4008.454999999999,22775
2026-07-20T00:00:00+00:00,4008.454999999999,4023.414999999999,3995.564999999999,4021.584999999999,56291
2026-07-20T01:00:00+00:00,4021.584999999999,4033.524999999999,4008.734999999999,4015.2149999999992,75453
2026-07-20T02:00:00+00:00,4015.2149999999992,4041.9649999999992,4014.364999999999,4034.834999999999,52614
2026-07-20T03:00:00+00:00,4034.834999999999,4040.9649999999992,4031.684999999999,4037.254999999999,36446
2026-07-20T04:00:00+00:00,4037.254999999999,4039.824999999999,4031.474999999999,4031.844999999999,19331
2026-07-20T05:00:00+00:00,4031.844999999999,4034.264999999999,4018.4049999999993,4021.9049999999993,36854
2026-07-20T06:00:00+00:00,4021.9049999999993,4024.804999999999,4016.034999999999,4016.974999999999,37056
2026-07-20T07:00:00+00:00,4016.974999999999,4034.844999999999,4015.104999999999,4030.344999999999,38732
2026-07-20T08:00:00+00:00,4030.344999999999,4043.564999999999,4030.344999999999,4032.034999999999,31873
2026-07-20T09:00:00+00:00,4032.034999999999,4036.354999999999,4027.844999999999,4034.374999999999,25574
2026-07-20T10:00:00+00:00,4034.374999999999,4038.624999999999,4031.294999999999,4037.334999999999,22451
2026-07-20T11:00:00+00:00,4037.334999999999,4053.834999999999,4032.984999999999,4038.384999999999,56980
2026-07-20T12:00:00+00:00,4038.384999999999,4038.384999999999,4019.584999999999,4021.274999999999,63904
2026-07-20T13:00:00+00:00,4021.274999999999,4030.474999999999,4018.804999999999,4018.804999999999,67688
2026-07-20T14:00:00+00:00,4018.804999999999,4026.544999999999,4011.294999999999,4019.294999999999,64401
2026-07-20T15:00:00+00:00,4019.294999999999,4032.524999999999,4017.604999999999,4024.884999999999,53416
2026-07-20T16:00:00+00:00,4024.884999999999,4031.524999999999,4014.4449999999993,4022.854999999999,37351
2026-07-20T17:00:00+00:00,4022.854999999999,4026.034999999999,4016.934999999999,4018.284999999999,26648
2026-07-20T18:00:00+00:00,4018.284999999999,4024.9649999999992,4016.4649999999992,4020.314999999999,30807
2026-07-20T19:00:00+00:00,4020.314999999999,4031.024999999999,4017.494999999999,4019.9449999999993,33180
2026-07-20T20:00:00+00:00,4019.9449999999993,4022.484999999999,4018.914999999999,4020.794999999999,10024
2026-07-20T22:00:00+00:00,4020.794999999999,4023.8449999999993,4012.6549999999993,4013.534999999999,15535.720715112733
2026-07-20T23:00:00+00:00,4013.534999999999,4023.4249999999993,4013.204999999999,4022.8849999999993,19470
2026-07-21T00:00:00+00:00,4022.8849999999993,4040.184999999999,4016.734999999999,4038.434999999999,47893
2026-07-21T01:00:00+00:00,4038.434999999999,4048.724999999999,4031.814999999999,4036.1949999999993,50354
2026-07-21T02:00:00+00:00,4036.1949999999993,4056.9449999999993,4034.934999999999,4051.034999999999,35226
2026-07-21T03:00:00+00:00,4051.034999999999,4064.5749999999994,4049.794999999999,4059.974999999999,28472
2026-07-21T04:00:00+00:00,4059.974999999999,4064.744999999999,4056.644999999999,4062.6149999999993,15512
2026-07-21T05:00:00+00:00,4062.6149999999993,4080.974999999999,4059.3449999999993,4074.6149999999993,30038
2026-07-21T06:00:00+00:00,4074.6149999999993,4097.264999999999,4074.6149999999993,4091.504999999999,34874
2026-07-21T07:00:00+00:00,4091.504999999999,4093.224999999999,4080.604999999999,4084.4049999999993,22725
2026-07-21T08:00:00+00:00,4084.4049999999993,4085.604999999999,4072.144999999999,4075.834999999999,25640
2026-07-21T09:00:00+00:00,4075.834999999999,4082.534999999999,4074.164999999999,4078.834999999999,19637
2026-07-21T10:00:00+00:00,4078.834999999999,4083.084999999999,4073.874999999999,4075.974999999999,26115
2026-07-21T11:00:00+00:00,4075.974999999999,4076.6149999999993,4067.454999999999,4069.0949999999993,24097
2026-07-21T12:00:00+00:00,4069.0949999999993,4078.624999999999,4064.104999999999,4067.124999999999,42076
2026-07-21T13:00:00+00:00,4067.124999999999,4074.774999999999,4057.554999999999,4066.084999999999,79286
2026-07-21T14:00:00+00:00,4066.084999999999,4086.724999999999,4064.8249999999994,4081.454999999999,70390
2026-07-21T15:00:00+00:00,4081.454999999999,4096.384999999999,4078.684999999999,4087.0749999999994,47827
2026-07-21T16:00:00+00:00,4087.0749999999994,4092.144999999999,4082.9049999999993,4084.5749999999994,26887
2026-07-21T17:00:00+00:00,4084.5749999999994,4085.934999999999,4079.664999999999,4081.764999999999,20297
2026-07-21T18:00:00+00:00,4081.764999999999,4099.615,4080.784999999999,4095.374999999999,25242
2026-07-21T19:00:00+00:00,4095.374999999999,4098.714999999999,4093.1549999999997,4097.625,26202
2026-07-21T20:00:00+00:00,4097.625,4099.345,4089.3950000000013,4090.4950000000013,8450
2026-07-21T22:00:00+00:00,4090.4950000000013,4096.035000000002,4086.7450000000013,4091.425000000001,12066.329874935247
2026-07-21T23:00:00+00:00,4091.425000000001,4093.9750000000013,4090.195000000001,4091.8950000000013,8432
2026-07-22T00:00:00+00:00,4091.8950000000013,4113.245000000002,4087.805000000001,4108.485000000001,50546
2026-07-22T01:00:00+00:00,4108.485000000001,4134.595,4107.475,4133.275000000001,70314
2026-07-22T02:00:00+00:00,4133.275000000001,4141.905000000001,4129.985000000001,4141.475,43342
2026-07-22T03:00:00+00:00,4141.475,4152.655000000001,4140.285000000001,4141.8150000000005,32591
2026-07-22T04:00:00+00:00,4141.8150000000005,4142.205,4135.755,4137.985000000001,17624
2026-07-22T05:00:00+00:00,4137.985000000001,4144.995,4133.965,4142.115000000001,34103
2026-07-22T06:00:00+00:00,4142.115000000001,4146.155000000001,4124.3550000000005,4127.385,42987
2026-07-22T07:00:00+00:00,4127.385,4133.905000000001,4120.265,4121.615000000001,33930
2026-07-22T08:00:00+00:00,4121.615000000001,4131.0650000000005,4121.585,4129.285000000001,33701
2026-07-22T09:00:00+00:00,4129.285000000001,4133.385,4124.215,4125.985000000001,27077
2026-07-22T10:00:00+00:00,4125.985000000001,4132.825000000001,4125.825000000001,4128.585,22627
2026-07-22T11:00:00+00:00,4128.585,4134.025000000001,4123.695000000001,4133.535000000001,27810
2026-07-22T12:00:00+00:00,4133.535000000001,4145.345,4117.575000000001,4123.885,48548
2026-07-22T13:00:00+00:00,4123.885,4166.765,4123.775000000001,4165.585,78788
2026-07-22T14:00:00+00:00,4165.585,4174.305,4154.935,4159.455,76812
2026-07-22T15:00:00+00:00,4159.455,4176.985000000001,4159.455,4170.215,42848
2026-07-22T16:00:00+00:00,4170.215,4170.305,4155.485000000001,4157.725,32907
2026-07-22T17:00:00+00:00,4157.725,4158.795,4149.395,4153.255,28238
2026-07-22T18:00:00+00:00,4153.255,4153.725,4143.015,4147.025000000001,39484
2026-07-22T19:00:00+00:00,4147.025000000001,4148.185,4139.905000000001,4142.845,28157
2026-07-22T20:00:00+00:00,4142.845,4148.8550000000005,4139.235000000001,4140.8550000000005,22940
2026-07-22T22:00:00+00:00,4140.8550000000005,4153.805000000001,4119.535000000001,4127.475,26873.429839317825
2026-07-22T23:00:00+00:00,4127.475,4140.015,4122.395,4139.385,24381
2026-07-23T00:00:00+00:00,4139.385,4140.655000000001,4131.095,4138.095,32796
2026-07-23T01:00:00+00:00,4138.095,4146.925,4120.215000000001,4123.785000000001,69662
2026-07-23T02:00:00+00:00,4123.785000000001,4134.715000000001,4117.965000000001,4134.045000000001,45958
2026-07-23T03:00:00+00:00,4134.045000000001,4138.935,4130.0650000000005,4130.635,28749
2026-07-23T04:00:00+00:00,4130.635,4136.215000000001,4125.905000000001,4127.095,20591
2026-07-23T05:00:00+00:00,4127.095,4136.485000000001,4125.235000000001,4130.045000000001,34760
2026-07-23T06:00:00+00:00,4130.045000000001,4134.135,4122.805,4124.405000000001,38255
2026-07-23T07:00:00+00:00,4124.405000000001,4125.375000000001,4096.125000000001,4101.374999999999,46966
2026-07-23T08:00:00+00:00,4101.374999999999,4103.624999999998,4092.894999999997,4099.174999999997,34159
2026-07-23T09:00:00+00:00,4099.174999999997,4105.344999999997,4094.294999999998,4095.864999999998,28956
2026-07-23T10:00:00+00:00,4095.864999999998,4101.144999999999,4091.9249999999984,4099.064999999999,28341
2026-07-23T11:00:00+00:00,4099.064999999999,4099.8049999999985,4079.0249999999987,4091.574999999999,39769
2026-07-23T12:00:00+00:00,4091.574999999999,4091.8749999999986,4066.9849999999988,4067.704999999999,57777
2026-07-23T13:00:00+00:00,4067.704999999999,4073.304999999999,4046.444999999999,4049.114999999999,110471
2026-07-23T14:00:00+00:00,4049.114999999999,4067.614999999999,4046.0049999999987,4063.844999999999,91047
2026-07-23T15:00:00+00:00,4063.844999999999,4065.344999999999,4048.2549999999987,4054.674999999999,70449
2026-07-23T16:00:00+00:00,4054.674999999999,4057.694999999999,4051.714999999999,4057.4349999999986,34364
2026-07-23T17:00:00+00:00,4057.4349999999986,4060.4149999999986,4047.424999999999,4047.614999999999,40051
2026-07-23T18:00:00+00:00,4047.614999999999,4054.324999999999,4046.5849999999987,4051.9149999999986,35702
2026-07-23T19:00:00+00:00,4051.9149999999986,4057.0449999999987,4048.974999999999,4055.7349999999988,31337
2026-07-23T20:00:00+00:00,4055.7349999999988,4057.224999999999,4053.2349999999988,4054.804999999999,10395
2026-07-23T22:00:00+00:00,4054.804999999999,4056.624999999999,4054.334999999999,4055.6949999999993,6764.373487839042
2026-07-23T23:00:00+00:00,4055.6949999999993,4056.624999999999,4052.774999999999,4053.204999999999,10406
2026-07-24T00:00:00+00:00,4053.204999999999,4056.734999999999,4047.414999999999,4055.894999999999,30851
2026-07-24T01:00:00+00:00,4055.894999999999,4056.604999999999,4046.484999999999,4049.7149999999992,42448
2026-07-24T02:00:00+00:00,4049.7149999999992,4054.294999999999,4029.204999999999,4030.544999999999,36551
2026-07-24T03:00:00+00:00,4030.544999999999,4039.764999999999,4029.314999999999,4035.574999999999,26050
2026-07-24T04:00:00+00:00,4035.574999999999,4036.4649999999992,4031.384999999999,4033.224999999999,13176
2026-07-24T05:00:00+00:00,4033.224999999999,4038.364999999999,4028.024999999999,4029.144999999999,30250
2026-07-24T06:00:00+00:00,4029.144999999999,4045.154999999999,4029.134999999999,4041.834999999999,38781
2026-07-24T07:00:00+00:00,4041.834999999999,4059.744999999999,4041.334999999999,4054.394999999999,31473
2026-07-24T08:00:00+00:00,4054.394999999999,4064.814999999999,4051.264999999999,4063.614999999999,26979
2026-07-24T09:00:00+00:00,4063.614999999999,4066.954999999999,4057.874999999999,4065.974999999999,18166
2026-07-24T10:00:00+00:00,4065.974999999999,4070.064999999999,4063.304999999999,4066.124999999999,15186
2026-07-24T11:00:00+00:00,4066.124999999999,4069.594999999999,4057.554999999999,4063.874999999999,18721
2026-07-24T12:00:00+00:00,4063.874999999999,4066.274999999999,4057.784999999999,4062.234999999999,32546
2026-07-24T13:00:00+00:00,4062.234999999999,4074.704999999999,4050.884999999999,4073.364999999999,55518
2026-07-24T14:00:00+00:00,4073.364999999999,4076.144999999999,4062.084999999999,4069.434999999999,70799
2026-07-24T15:00:00+00:00,4069.434999999999,4088.124999999999,4068.014999999999,4083.504999999999,71914
2026-07-24T16:00:00+00:00,4083.504999999999,4084.294999999999,4070.334999999999,4073.114999999999,30581
2026-07-24T17:00:00+00:00,4073.114999999999,4076.004999999999,4069.034999999999,4069.534999999999,23785
2026-07-24T18:00:00+00:00,4069.534999999999,4070.624999999999,4057.224999999999,4060.544999999999,22451
2026-07-24T19:00:00+00:00,4060.544999999999,4064.104999999999,4055.334999999999,4059.814999999999,26329
2026-07-24T20:00:00+00:00,4059.814999999999,4062.134999999999,4057.754999999999,4061.584999999999,4634
2026-07-26T22:00:00+00:00,4061.584999999999,4102.855,4056.8449999999993,4095.7450000000003,17286.837699423515
2026-07-26T23:00:00+00:00,4095.7450000000003,4102.705,4089.7850000000003,4100.4349999999995,17618
2026-07-27T00:00:00+00:00,4100.4349999999995,4122.315,4097.234999999999,4107.025000000001,44649
2026-07-27T01:00:00+00:00,4107.025000000001,4118.745,4103.175,4116.395,57875
2026-07-27T02:00:00+00:00,4116.395,4117.225,4099.855,4099.9349999999995,30274
2026-07-27T03:00:00+00:00,4099.9349999999995,4102.014999999999,4091.4449999999965,4097.234999999997,22546
2026-07-27T04:00:00+00:00,4097.234999999997,4099.134999999997,4093.2149999999965,4096.514999999996,14051
2026-07-27T05:00:00+00:00,4096.514999999996,4101.054999999997,4090.7849999999976,4099.4649999999965,27480
2026-07-27T06:00:00+00:00,4099.4649999999965,4105.514999999996,4097.474999999997,4102.254999999995,24143
2026-07-27T07:00:00+00:00,4102.254999999995,4112.2049999999945,4094.744999999994,4094.964999999994,27827
2026-07-27T08:00:00+00:00,4094.964999999994,4103.084999999995,4093.4349999999945,4101.3749999999945,29250
2026-07-27T09:00:00+00:00,4101.3749999999945,4106.624999999995,4096.664999999995,4102.394999999996,19733
2026-07-27T10:00:00+00:00,4102.394999999996,4108.624999999992,4092.744999999995,4105.794999999992,20355
2026-07-27T11:00:00+00:00,4105.794999999992,4110.294999999992,4100.044999999994,4100.074999999993,24297
2026-07-27T12:00:00+00:00,4100.074999999993,4103.894999999994,4088.004999999994,4089.9949999999944,37415
2026-07-27T13:00:00+00:00,4089.9949999999944,4095.7649999999944,4076.8049999999944,4080.504999999994,79135
2026-07-27T14:00:00+00:00,4080.504999999994,4085.3349999999946,4071.5549999999944,4082.4349999999945,79107
2026-07-27T15:00:00+00:00,4082.4349999999945,4085.9549999999945,4078.1349999999943,4084.754999999994,49769
2026-07-27T16:00:00+00:00,4084.754999999994,4100.144999999994,4084.0949999999943,4088.574999999993,41757
2026-07-27T17:00:00+00:00,4088.574999999993,4088.594999999993,4076.854999999993,4082.604999999993,32056
2026-07-27T18:00:00+00:00,4082.604999999993,4085.744999999993,4079.284999999993,4084.204999999993,28535
2026-07-27T19:00:00+00:00,4084.204999999993,4095.534999999993,4082.394999999993,4089.654999999993,26574
2026-07-27T20:00:00+00:00,4089.654999999993,4090.354999999993,4081.734999999993,4082.954999999993,8286
2026-07-27T22:00:00+00:00,4082.954999999993,4089.934999999993,4079.574999999993,4082.734999999993,8908.480710653588
2026-07-27T23:00:00+00:00,4082.734999999993,4083.574999999993,4078.434999999993,4081.8149999999932,11693
2026-07-28T00:00:00+00:00,4081.8149999999932,4082.744999999993,4066.034999999993,4066.484999999993,41582
2026-07-28T01:00:00+00:00,4066.484999999993,4068.754999999993,4051.134999999993,4053.714999999993,57097
2026-07-28T02:00:00+00:00,4053.714999999993,4057.504999999993,4049.354999999993,4050.624999999993,33684
2026-07-28T03:00:00+00:00,4050.624999999993,4059.5649999999932,4048.804999999993,4057.944999999993,24391
2026-07-28T04:00:00+00:00,4057.944999999993,4058.154999999993,4050.164999999993,4050.694999999993,19757
2026-07-28T05:00:00+00:00,4050.694999999993,4054.964999999993,4043.144999999993,4053.684999999993,37656
2026-07-28T06:00:00+00:00,4053.684999999993,4060.874999999993,4051.364999999993,4056.884999999993,32417
2026-07-28T07:00:00+00:00,4056.884999999993,4060.844999999993,4054.614999999993,4055.694999999993,25117
2026-07-28T08:00:00+00:00,4055.694999999993,4063.674999999993,4050.114999999993,4053.914999999993,39729
2026-07-28T09:00:00+00:00,4053.914999999993,4054.414999999993,4028.024999999993,4031.884999999993,29077
2026-07-28T10:00:00+00:00,4031.884999999993,4037.034999999993,4025.474999999993,4035.004999999993,33292
2026-07-28T11:00:00+00:00,4035.004999999993,4040.824999999993,4031.714999999993,4036.574999999993,37624
2026-07-28T12:00:00+00:00,4036.574999999993,4046.654999999993,4031.424999999993,4037.964999999993,38153
2026-07-28T13:00:00+00:00,4037.964999999993,4044.554999999993,4028.694999999993,4030.644999999993,67084
2026-07-28T14:00:00+00:00,4030.644999999993,4041.734999999993,4020.124999999993,4032.964999999993,76250
2026-07-28T15:00:00+00:00,4032.964999999993,4055.514999999993,4030.744999999993,4054.614999999993,62036
2026-07-28T16:00:00+00:00,4054.614999999993,4054.934999999993,4045.104999999993,4045.994999999993,30039
2026-07-28T17:00:00+00:00,4045.994999999993,4050.024999999993,4034.394999999993,4036.284999999993,35748
2026-07-28T18:00:00+00:00,4036.284999999993,4038.964999999993,4030.174999999993,4031.444999999993,46826
2026-07-28T19:00:00+00:00,4031.444999999993,4036.5649999999932,4030.554999999993,4034.944999999993,25704
2026-07-28T20:00:00+00:00,4034.944999999993,4039.144999999993,4031.014999999993,4036.834999999993,10437
2026-07-28T22:00:00+00:00,4036.834999999993,4040.694999999993,4023.4749999999926,4028.0749999999925,15524.82928428463
2026-07-28T23:00:00+00:00,4028.0749999999925,4036.0349999999926,4024.8349999999928,4034.6649999999927,29645
2026-07-29T00:00:00+00:00,4034.6649999999927,4039.364999999993,4027.3949999999927,4031.6649999999927,46610
2026-07-29T01:00:00+00:00,4031.6649999999927,4040.364999999993,4020.1849999999927,4035.6849999999927,60261
2026-07-29T02:00:00+00:00,4035.6849999999927,4047.7249999999926,4032.9549999999927,4039.2049999999927,38802
2026-07-29T03:00:00+00:00,4039.2049999999927,4042.614999999993,4033.064999999993,4033.424999999993,23630
2026-07-29T04:00:00+00:00,4033.424999999993,4037.444999999993,4030.3749999999927,4036.984999999993,22230
2026-07-29T05:00:00+00:00,4036.984999999993,4049.7249999999926,4036.464999999993,4042.714999999993,34825
2026-07-29T06:00:00+00:00,4042.714999999993,4054.5549999999926,4042.6849999999927,4050.944999999993,30489
2026-07-29T07:00:00+00:00,4050.944999999993,4057.4749999999926,4050.864999999993,4053.6449999999927,20330
2026-07-29T08:00:00+00:00,4053.6449999999927,4054.174999999993,4045.194999999993,4047.3549999999927,19490
2026-07-29T09:00:00+00:00,4047.3549999999927,4048.1449999999927,4041.0149999999926,4042.604999999993,17800
2026-07-29T10:00:00+00:00,4042.604999999993,4044.424999999993,4036.134999999993,4037.604999999993,17738
2026-07-29T11:00:00+00:00,4037.604999999993,4046.224999999993,4035.064999999993,4042.794999999993,17755
2026-07-29T12:00:00+00:00,4042.794999999993,4043.464999999993,4019.284999999993,4032.614999999993,44363
2026-07-29T13:00:00+00:00,4032.614999999993,4036.434999999993,4012.554999999993,4017.3349999999928,76373
2026-07-29T14:00:00+00:00,4017.3349999999928,4020.154999999993,4005.964999999993,4014.804999999993,76939
2026-07-29T15:00:00+00:00,4014.804999999993,4023.884999999993,4013.224999999993,4019.804999999993,45087
2026-07-29T16:00:00+00:00,4019.804999999993,4042.8349999999928,4017.504999999993,4037.284999999993,41441
2026-07-29T17:00:00+00:00,4037.284999999993,4060.634999999993,4037.284999999993,4053.754999999993,68415
2026-07-29T18:00:00+00:00,4053.754999999993,4119.794999999993,4051.864999999993,4117.114999999993,162035
2026-07-29T19:00:00+00:00,4117.114999999993,4126.364999999993,4054.494999999993,4054.844999999993,161318
2026-07-29T20:00:00+00:00,4054.844999999993,4080.264999999993,4052.924999999993,4077.914999999993,53897
2026-07-29T22:00:00+00:00,4077.914999999993,4104.504999999995,4073.1449999999936,4102.234999999995,23867.876433349673
2026-07-29T23:00:00+00:00,4102.234999999995,4114.054999999996,4098.234999999993,4098.324999999993,35451
2026-07-30T00:00:00+00:00,4098.324999999993,4100.5349999999935,4078.774999999994,4086.094999999994,68871
2026-07-30T01:00:00+00:00,4086.094999999994,4106.694999999994,4084.504999999994,4098.564999999995,72617
2026-07-30T02:00:00+00:00,4098.564999999995,4104.1649999999945,4077.3849999999975,4077.4549999999977,49678
2026-07-30T03:00:00+00:00,4077.4549999999977,4084.0549999999976,4064.564999999998,4072.6649999999977,41108
2026-07-30T04:00:00+00:00,4072.6649999999977,4074.0749999999975,4058.3349999999978,4059.8949999999977,27956
2026-07-30T05:00:00+00:00,4059.8949999999977,4065.174999999998,4042.0349999999976,4047.5749999999975,58420
2026-07-30T06:00:00+00:00,4047.5749999999975,4054.3449999999975,4043.294999999998,4050.524999999998,51147
2026-07-30T07:00:00+00:00,4050.524999999998,4065.2449999999976,4049.4549999999977,4052.8049999999976,50622
2026-07-30T08:00:00+00:00,4052.8049999999976,4086.2949999999983,4050.5749999999975,4074.884999999998,51922
2026-07-30T09:00:00+00:00,4074.884999999998,4086.554999999998,4073.884999999998,4076.874999999998,38841
2026-07-30T10:00:00+00:00,4076.874999999998,4096.454999999998,4076.534999999998,4091.7949999999987,45621
2026-07-30T11:00:00+00:00,4091.7949999999987,4096.244999999999,4089.1249999999986,4091.2149999999983,33738
2026-07-30T12:00:00+00:00,4091.2149999999983,4099.854999999999,4080.6349999999984,4082.4749999999985,59855
2026-07-30T13:00:00+00:00,4082.4749999999985,4125.584999999998,4078.6949999999983,4125.414999999998,112118
2026-07-30T14:00:00+00:00,4125.414999999998,4133.474999999998,4100.564999999999,4113.504999999998,91358
2026-07-30T15:00:00+00:00,4113.504999999998,4123.555,4096.644999999998,4121.695,68705
2026-07-30T16:00:00+00:00,4121.695,4132.665,4120.115,4124.195,35063
2026-07-30T17:00:00+00:00,4124.195,4124.705,4112.014999999999,4116.155,35999
2026-07-30T18:00:00+00:00,4116.155,4121.285,4112.245,4113.245,26573
2026-07-30T19:00:00+00:00,4113.245,4128.785,4112.245,4125.485,25201
2026-07-30T20:00:00+00:00,4125.485,4130.825,4112.305,4116.455,17312
2026-07-30T22:00:00+00:00,4116.455,4124.405,4112.335,4122.255,12064.8967008328
2026-07-30T23:00:00+00:00,4122.255,4124.955,4115.325,4119.014999999999,13102
2026-07-31T00:00:00+00:00,4119.014999999999,4120.1849999999995,4103.665000000003,4107.785000000003,29194
2026-07-31T01:00:00+00:00,4107.785000000003,4114.6150000000025,4095.0950000000043,4097.435000000005,39983
2026-07-31T02:00:00+00:00,4097.435000000005,4103.495000000005,4087.3650000000052,4089.195000000005,25120
2026-07-31T03:00:00+00:00,4089.195000000005,4092.675000000005,4085.125000000005,4088.155000000005,19885
2026-07-31T04:00:00+00:00,4088.155000000005,4094.665000000005,4086.545000000005,4093.235000000005,11644
2026-07-31T05:00:00+00:00,4093.235000000005,4096.345000000005,4086.445000000005,4087.405000000005,19113
2026-07-31T06:00:00+00:00,4087.405000000005,4100.485000000006,4085.8450000000053,4090.8850000000057,29697
2026-07-31T07:00:00+00:00,4090.8850000000057,4092.4150000000054,4080.7350000000056,4080.8550000000055,22666
2026-07-31T08:00:00+00:00,4080.8550000000055,4080.8550000000055,4067.5050000000056,4074.205000000006,30286
2026-07-31T09:00:00+00:00,4074.205000000006,4077.1050000000055,4063.4150000000054,4068.2350000000056,23843
2026-07-31T10:00:00+00:00,4068.2350000000056,4071.475000000006,4065.1750000000056,4067.6750000000056,16674
2026-07-31T11:00:00+00:00,4067.6750000000056,4074.1750000000056,4063.7950000000055,4066.8250000000057,24218
2026-07-31T12:00:00+00:00,4066.8250000000057,4072.4350000000054,4053.6450000000054,4053.8650000000057,33416
2026-07-31T13:00:00+00:00,4053.8650000000057,4059.8750000000055,4035.1950000000056,4038.7950000000055,81583
2026-07-31T14:00:00+00:00,4038.7950000000055,4063.4250000000056,4034.265000000006,4062.265000000006,80753
2026-07-31T15:00:00+00:00,4062.265000000006,4065.3750000000055,4049.8150000000055,4058.6050000000055,55848
2026-07-31T16:00:00+00:00,4058.6050000000055,4062.8550000000055,4054.3150000000055,4056.4150000000054,33164
2026-07-31T17:00:00+00:00,4056.4150000000054,4067.765000000006,4054.6450000000054,4066.8350000000055,34218
2026-07-31T18:00:00+00:00,4066.8350000000055,4068.3450000000057,4060.1950000000056,4063.8550000000055,24034
2026-07-31T19:00:00+00:00,4063.8550000000055,4068.6650000000054,4060.1450000000054,4064.0050000000056,26435
2026-07-31T20:00:00+00:00,4064.0050000000056,4066.0950000000057,4058.3550000000055,4064.0250000000055,14021
